date,time,park,land,attraction,wait_time,is_open
2026-08-01,07:34,Magic Kingdom,Adventureland,A Pirate's Adventure ~ Treasures of the Seven Seas,0,False
2026-08-01,07:34,Magic Kingdom,Adventureland,Jungle Cruise,0,False
2026-08-01,07:34,Magic Kingdom,Adventureland,Pirates of the Caribbean,0,False
2026-08-01,07:34,Magic Kingdom,Adventureland,Swiss Family Treehouse,0,False
2026-08-01,07:34,Magic Kingdom,Adventureland,The Magic Carpets of Aladdin,0,False
2026-08-01,07:34,Magic Kingdom,Adventureland,Walt Disney's Enchanted Tiki Room,0,False
2026-08-01,07:34,Magic Kingdom,Fantasyland,it's a small world,0,False
2026-08-01,07:34,Magic Kingdom,Fantasyland,Casey Jr. Splash 'N' Soak Station,0,False
2026-08-01,07:34,Magic Kingdom,Fantasyland,Cinderella Castle,0,False
2026-08-01,07:34,Magic Kingdom,Fantasyland,Dumbo the Flying Elephant,0,False
2026-08-01,07:34,Magic Kingdom,Fantasyland,Enchanted Tales with Belle,0,False
2026-08-01,07:34,Magic Kingdom,Fantasyland,Mad Tea Party,0,False
2026-08-01,07:34,Magic Kingdom,Fantasyland,Meet Ariel at Her Grotto,0,False
2026-08-01,07:34,Magic Kingdom,Fantasyland,Meet Cinderella and a Visiting Princess at Princess Fairytale Hall,0,False
2026-08-01,07:34,Magic Kingdom,Fantasyland,Meet Daring Disney Pals as Circus Stars at Pete's Silly Sideshow,0,False
2026-08-01,07:34,Magic Kingdom,Fantasyland,Meet Dashing Disney Pals as Circus Stars at Pete's Silly Sideshow,0,False
2026-08-01,07:34,Magic Kingdom,Fantasyland,Meet Princess Tiana and a Visiting Princess at Princess Fairytale Hall,0,False
2026-08-01,07:34,Magic Kingdom,Fantasyland,Mickey's PhilharMagic,0,False
2026-08-01,07:34,Magic Kingdom,Fantasyland,Peter Pan's Flight,0,False
2026-08-01,07:34,Magic Kingdom,Fantasyland,Prince Charming Regal Carrousel,0,False
2026-08-01,07:34,Magic Kingdom,Fantasyland,Seven Dwarfs Mine Train,0,False
2026-08-01,07:34,Magic Kingdom,Fantasyland,The Barnstormer,0,False
2026-08-01,07:34,Magic Kingdom,Fantasyland,The Many Adventures of Winnie the Pooh,0,False
2026-08-01,07:34,Magic Kingdom,Fantasyland,Under the Sea - Journey of The Little Mermaid,0,False
2026-08-01,07:34,Magic Kingdom,Fantasyland,Walt Disney World Railroad - Fantasyland,0,False
2026-08-01,07:34,Magic Kingdom,Frontierland,Big Thunder Mountain Railroad,0,False
2026-08-01,07:34,Magic Kingdom,Frontierland,Country Bear Musical Jamboree,0,False
2026-08-01,07:34,Magic Kingdom,Frontierland,Tiana's Bayou Adventure,0,False
2026-08-01,07:34,Magic Kingdom,Liberty Square,Haunted Mansion,0,False
2026-08-01,07:34,Magic Kingdom,Liberty Square,The Hall of Presidents,0,False
2026-08-01,07:34,Magic Kingdom,"Main Street, U.S.A.",Main Street Vehicles,0,False
2026-08-01,07:34,Magic Kingdom,"Main Street, U.S.A.",Meet Mickey at Town Square Theater,0,False
2026-08-01,07:34,Magic Kingdom,"Main Street, U.S.A.","Walt Disney World Railroad - Main Street, U.S.A.",0,False
2026-08-01,07:34,Magic Kingdom,Tomorrowland,Astro Orbiter,0,False
2026-08-01,07:34,Magic Kingdom,Tomorrowland,Buzz Lightyear’s Space Ranger Spin,0,False
2026-08-01,07:34,Magic Kingdom,Tomorrowland,"Monsters, Inc. Laugh Floor",0,False
2026-08-01,07:34,Magic Kingdom,Tomorrowland,Space Mountain,0,False
2026-08-01,07:34,Magic Kingdom,Tomorrowland,Tomorrowland Speedway,0,False
2026-08-01,07:34,Magic Kingdom,Tomorrowland,Tomorrowland Transit Authority PeopleMover,0,False
2026-08-01,07:34,Magic Kingdom,Tomorrowland,TRON Lightcycle / Run,0,False
2026-08-01,07:34,Magic Kingdom,Tomorrowland,Walt Disney's Carousel of Progress,0,False
2026-08-01,07:34,EPCOT,World Celebration,Disney and Pixar Short Film Festival,0,False
2026-08-01,07:34,EPCOT,World Celebration,Journey Into Imagination With Figment,0,False
2026-08-01,07:34,EPCOT,World Celebration,Meet Beloved Disney Pals at Mickey & Friends,0,False
2026-08-01,07:34,EPCOT,World Celebration,Spaceship Earth,0,False
2026-08-01,07:34,EPCOT,World Discovery,Guardians of the Galaxy: Cosmic Rewind,0,False
2026-08-01,07:34,EPCOT,World Discovery,Mission: SPACE,0,False
2026-08-01,07:34,EPCOT,World Discovery,Test Track,0,False
2026-08-01,07:34,EPCOT,World Discovery,Test Track Presented by Chevrolet Single Rider,0,False
2026-08-01,07:34,EPCOT,World Nature,Awesome Planet,0,False
2026-08-01,07:34,EPCOT,World Nature,"Journey of Water, Inspired by Moana",0,False
2026-08-01,07:34,EPCOT,World Nature,Living with the Land,0,False
2026-08-01,07:34,EPCOT,World Nature,SeaBase Aquarium,0,False
2026-08-01,07:34,EPCOT,World Nature,Soarin' Across America,0,False
2026-08-01,07:34,EPCOT,World Nature,The Seas with Nemo & Friends,0,False
2026-08-01,07:34,EPCOT,World Nature,Turtle Talk With Crush,0,False
2026-08-01,07:34,EPCOT,World Showcase,Canada Far and Wide in Circle-Vision 360,0,False
2026-08-01,07:34,EPCOT,World Showcase,Frozen Ever After,0,False
2026-08-01,07:34,EPCOT,World Showcase,Gran Fiesta Tour Starring The Three Caballeros,0,False
2026-08-01,07:34,EPCOT,World Showcase,Meet Anna and Elsa at Royal Sommerhus,0,False
2026-08-01,07:34,EPCOT,World Showcase,Remy's Ratatouille Adventure,0,False
2026-08-01,07:34,EPCOT,World Showcase,Remy's Ratatouille Adventure Single Rider,0,False
2026-08-01,07:34,Hollywood Studios,Animation Courtyard,Disney Jr. Mickey Mouse Clubhouse Live!,0,True
2026-08-01,07:34,Hollywood Studios,Animation Courtyard,Meet Ariel at Walt Disney Presents,0,False
2026-08-01,07:34,Hollywood Studios,Animation Courtyard,The Little Mermaid – A Musical Adventure,0,True
2026-08-01,07:34,Hollywood Studios,Animation Courtyard,Walt Disney Presents,0,False
2026-08-01,07:34,Hollywood Studios,Commissary Lane,Meet Disney Stars at Red Carpet Dreams,0,False
2026-08-01,07:34,Hollywood Studios,Echo Lake,For the First Time in Forever: A Frozen Sing-Along Celebration,0,True
2026-08-01,07:34,Hollywood Studios,Echo Lake,Indiana Jones™ Epic Stunt Spectacular!,0,True
2026-08-01,07:34,Hollywood Studios,Echo Lake,Meet Olaf at Celebrity Spotlight,0,False
2026-08-01,07:34,Hollywood Studios,Echo Lake,Star Tours – The Adventures Continue,0,False
2026-08-01,07:34,Hollywood Studios,Echo Lake,Vacation Fun - An Original Animated Short with Mickey & Minnie,0,False
2026-08-01,07:34,Hollywood Studios,Hollywood Boulevard,Mickey & Minnie's Runaway Railway,0,False
2026-08-01,07:34,Hollywood Studios,Pixar Plaza,Meet Edna Mode at the Edna Mode Experience,0,False
2026-08-01,07:34,Hollywood Studios,Pixar Plaza,Toy Story Mania!,0,False
2026-08-01,07:34,Hollywood Studios,Star Wars: Galaxy's Edge,Millennium Falcon: Smugglers Run,0,False
2026-08-01,07:34,Hollywood Studios,Star Wars: Galaxy's Edge,Millennium Falcon: Smugglers Run Single Rider,0,False
2026-08-01,07:34,Hollywood Studios,Star Wars: Galaxy's Edge,Star Wars: Rise of the Resistance,0,False
2026-08-01,07:34,Hollywood Studios,Star Wars: Galaxy's Edge,Star Wars: Rise of the Resistance Single Rider,0,False
2026-08-01,07:34,Hollywood Studios,Sunset Boulevard,Beauty and the Beast – Live on Stage,0,True
2026-08-01,07:34,Hollywood Studios,Sunset Boulevard,Rock 'n' Roller Coaster Starring Aerosmith Single Rider,0,False
2026-08-01,07:34,Hollywood Studios,Sunset Boulevard,Rock ’n’ Roller Coaster Starring The Muppets,0,False
2026-08-01,07:34,Hollywood Studios,Sunset Boulevard,The Twilight Zone™ Tower of Terror,0,False
2026-08-01,07:34,Hollywood Studios,Toy Story Land,Alien Swirling Saucers,0,False
2026-08-01,07:34,Hollywood Studios,Toy Story Land,Slinky Dog Dash,0,False
2026-08-01,07:34,Animal Kingdom,Africa,Festival of the Lion King,0,True
2026-08-01,07:34,Animal Kingdom,Africa,Gorilla Falls Exploration Trail,0,False
2026-08-01,07:34,Animal Kingdom,Africa,Kilimanjaro Safaris,0,False
2026-08-01,07:34,Animal Kingdom,Africa,Wildlife Express Train,0,False
2026-08-01,07:34,Animal Kingdom,Asia,Expedition Everest - Legend of the Forbidden Mountain,0,False
2026-08-01,07:34,Animal Kingdom,Asia,Expedition Everest - Legend of the Forbidden Mountain Single Rider,0,False
2026-08-01,07:34,Animal Kingdom,Asia,Feathered Friends in Flight!,0,True
2026-08-01,07:34,Animal Kingdom,Asia,Kali River Rapids,0,False
2026-08-01,07:34,Animal Kingdom,Conservation Station,Animal Care at Conservation Station,0,False
2026-08-01,07:34,Animal Kingdom,Conservation Station,Bluey's Wild World at Conservation Station,0,False
2026-08-01,07:34,Animal Kingdom,Dinoland U.S.A,Finding Nemo: The Big Blue... and Beyond!,0,True
2026-08-01,07:34,Animal Kingdom,Discovery Island,Discovery Island Trails,0,False
2026-08-01,07:34,Animal Kingdom,Discovery Island,Meet Favorite Disney Pals at Adventurers Outpost,0,False
2026-08-01,07:34,Animal Kingdom,Discovery Island,Meet Moana at Character Landing,0,False
2026-08-01,07:34,Animal Kingdom,Discovery Island,Tree of Life,0,True
2026-08-01,07:34,Animal Kingdom,Discovery Island,Zootopia: Better Zoogether!,0,False
2026-08-01,07:34,Animal Kingdom,Pandora - The World of Avatar,Avatar Flight of Passage,0,False
2026-08-01,07:34,Animal Kingdom,Pandora - The World of Avatar,Na'vi River Journey,0,False
2026-08-01,07:34,Animal Kingdom,The Oasis,The Oasis Exhibits,0,False
2026-08-01,07:34,Animal Kingdom,The Oasis,Wilderness Explorers,0,False
2026-08-01,07:39,Magic Kingdom,Adventureland,A Pirate's Adventure ~ Treasures of the Seven Seas,0,False
2026-08-01,07:39,Magic Kingdom,Adventureland,Jungle Cruise,0,False
2026-08-01,07:39,Magic Kingdom,Adventureland,Pirates of the Caribbean,0,False
2026-08-01,07:39,Magic Kingdom,Adventureland,Swiss Family Treehouse,0,False
2026-08-01,07:39,Magic Kingdom,Adventureland,The Magic Carpets of Aladdin,0,False
2026-08-01,07:39,Magic Kingdom,Adventureland,Walt Disney's Enchanted Tiki Room,0,False
2026-08-01,07:39,Magic Kingdom,Fantasyland,it's a small world,0,False
2026-08-01,07:39,Magic Kingdom,Fantasyland,Casey Jr. Splash 'N' Soak Station,0,False
2026-08-01,07:39,Magic Kingdom,Fantasyland,Cinderella Castle,0,False
2026-08-01,07:39,Magic Kingdom,Fantasyland,Dumbo the Flying Elephant,0,False
2026-08-01,07:39,Magic Kingdom,Fantasyland,Enchanted Tales with Belle,0,False
2026-08-01,07:39,Magic Kingdom,Fantasyland,Mad Tea Party,0,False
2026-08-01,07:39,Magic Kingdom,Fantasyland,Meet Ariel at Her Grotto,0,False
2026-08-01,07:39,Magic Kingdom,Fantasyland,Meet Cinderella and a Visiting Princess at Princess Fairytale Hall,0,False
2026-08-01,07:39,Magic Kingdom,Fantasyland,Meet Daring Disney Pals as Circus Stars at Pete's Silly Sideshow,0,False
2026-08-01,07:39,Magic Kingdom,Fantasyland,Meet Dashing Disney Pals as Circus Stars at Pete's Silly Sideshow,0,False
2026-08-01,07:39,Magic Kingdom,Fantasyland,Meet Princess Tiana and a Visiting Princess at Princess Fairytale Hall,0,False
2026-08-01,07:39,Magic Kingdom,Fantasyland,Mickey's PhilharMagic,0,False
2026-08-01,07:39,Magic Kingdom,Fantasyland,Peter Pan's Flight,0,False
2026-08-01,07:39,Magic Kingdom,Fantasyland,Prince Charming Regal Carrousel,0,False
2026-08-01,07:39,Magic Kingdom,Fantasyland,Seven Dwarfs Mine Train,0,False
2026-08-01,07:39,Magic Kingdom,Fantasyland,The Barnstormer,0,False
2026-08-01,07:39,Magic Kingdom,Fantasyland,The Many Adventures of Winnie the Pooh,0,False
2026-08-01,07:39,Magic Kingdom,Fantasyland,Under the Sea - Journey of The Little Mermaid,0,False
2026-08-01,07:39,Magic Kingdom,Fantasyland,Walt Disney World Railroad - Fantasyland,0,False
2026-08-01,07:39,Magic Kingdom,Frontierland,Big Thunder Mountain Railroad,0,False
2026-08-01,07:39,Magic Kingdom,Frontierland,Country Bear Musical Jamboree,0,False
2026-08-01,07:39,Magic Kingdom,Frontierland,Tiana's Bayou Adventure,0,False
2026-08-01,07:39,Magic Kingdom,Liberty Square,Haunted Mansion,0,False
2026-08-01,07:39,Magic Kingdom,Liberty Square,The Hall of Presidents,0,False
2026-08-01,07:39,Magic Kingdom,"Main Street, U.S.A.",Main Street Vehicles,0,False
2026-08-01,07:39,Magic Kingdom,"Main Street, U.S.A.",Meet Mickey at Town Square Theater,0,False
2026-08-01,07:39,Magic Kingdom,"Main Street, U.S.A.","Walt Disney World Railroad - Main Street, U.S.A.",0,False
2026-08-01,07:39,Magic Kingdom,Tomorrowland,Astro Orbiter,0,False
2026-08-01,07:39,Magic Kingdom,Tomorrowland,Buzz Lightyear’s Space Ranger Spin,0,False
2026-08-01,07:39,Magic Kingdom,Tomorrowland,"Monsters, Inc. Laugh Floor",0,False
2026-08-01,07:39,Magic Kingdom,Tomorrowland,Space Mountain,0,False
2026-08-01,07:39,Magic Kingdom,Tomorrowland,Tomorrowland Speedway,0,False
2026-08-01,07:39,Magic Kingdom,Tomorrowland,Tomorrowland Transit Authority PeopleMover,0,False
2026-08-01,07:39,Magic Kingdom,Tomorrowland,TRON Lightcycle / Run,0,False
2026-08-01,07:39,Magic Kingdom,Tomorrowland,Walt Disney's Carousel of Progress,0,False
2026-08-01,07:39,EPCOT,World Celebration,Disney and Pixar Short Film Festival,0,False
2026-08-01,07:39,EPCOT,World Celebration,Journey Into Imagination With Figment,0,False
2026-08-01,07:39,EPCOT,World Celebration,Meet Beloved Disney Pals at Mickey & Friends,0,False
2026-08-01,07:39,EPCOT,World Celebration,Spaceship Earth,0,False
2026-08-01,07:39,EPCOT,World Discovery,Guardians of the Galaxy: Cosmic Rewind,0,False
2026-08-01,07:39,EPCOT,World Discovery,Mission: SPACE,0,False
2026-08-01,07:39,EPCOT,World Discovery,Test Track,0,False
2026-08-01,07:39,EPCOT,World Discovery,Test Track Presented by Chevrolet Single Rider,0,False
2026-08-01,07:39,EPCOT,World Nature,Awesome Planet,0,False
2026-08-01,07:39,EPCOT,World Nature,"Journey of Water, Inspired by Moana",0,False
2026-08-01,07:39,EPCOT,World Nature,Living with the Land,0,False
2026-08-01,07:39,EPCOT,World Nature,SeaBase Aquarium,0,False
2026-08-01,07:39,EPCOT,World Nature,Soarin' Across America,0,False
2026-08-01,07:39,EPCOT,World Nature,The Seas with Nemo & Friends,0,False
2026-08-01,07:39,EPCOT,World Nature,Turtle Talk With Crush,0,False
2026-08-01,07:39,EPCOT,World Showcase,Canada Far and Wide in Circle-Vision 360,0,False
2026-08-01,07:39,EPCOT,World Showcase,Frozen Ever After,0,False
2026-08-01,07:39,EPCOT,World Showcase,Gran Fiesta Tour Starring The Three Caballeros,0,False
2026-08-01,07:39,EPCOT,World Showcase,Meet Anna and Elsa at Royal Sommerhus,0,False
2026-08-01,07:39,EPCOT,World Showcase,Remy's Ratatouille Adventure,0,False
2026-08-01,07:39,EPCOT,World Showcase,Remy's Ratatouille Adventure Single Rider,0,False
2026-08-01,07:39,Hollywood Studios,Animation Courtyard,Disney Jr. Mickey Mouse Clubhouse Live!,0,True
2026-08-01,07:39,Hollywood Studios,Animation Courtyard,Meet Ariel at Walt Disney Presents,0,False
2026-08-01,07:39,Hollywood Studios,Animation Courtyard,The Little Mermaid – A Musical Adventure,0,True
2026-08-01,07:39,Hollywood Studios,Animation Courtyard,Walt Disney Presents,0,False
2026-08-01,07:39,Hollywood Studios,Commissary Lane,Meet Disney Stars at Red Carpet Dreams,0,False
2026-08-01,07:39,Hollywood Studios,Echo Lake,For the First Time in Forever: A Frozen Sing-Along Celebration,0,True
2026-08-01,07:39,Hollywood Studios,Echo Lake,Indiana Jones™ Epic Stunt Spectacular!,0,True
2026-08-01,07:39,Hollywood Studios,Echo Lake,Meet Olaf at Celebrity Spotlight,0,False
2026-08-01,07:39,Hollywood Studios,Echo Lake,Star Tours – The Adventures Continue,0,False
2026-08-01,07:39,Hollywood Studios,Echo Lake,Vacation Fun - An Original Animated Short with Mickey & Minnie,0,False
2026-08-01,07:39,Hollywood Studios,Hollywood Boulevard,Mickey & Minnie's Runaway Railway,0,False
2026-08-01,07:39,Hollywood Studios,Pixar Plaza,Meet Edna Mode at the Edna Mode Experience,0,False
2026-08-01,07:39,Hollywood Studios,Pixar Plaza,Toy Story Mania!,0,False
2026-08-01,07:39,Hollywood Studios,Star Wars: Galaxy's Edge,Millennium Falcon: Smugglers Run,0,False
2026-08-01,07:39,Hollywood Studios,Star Wars: Galaxy's Edge,Millennium Falcon: Smugglers Run Single Rider,0,False
2026-08-01,07:39,Hollywood Studios,Star Wars: Galaxy's Edge,Star Wars: Rise of the Resistance,0,False
2026-08-01,07:39,Hollywood Studios,Star Wars: Galaxy's Edge,Star Wars: Rise of the Resistance Single Rider,0,False
2026-08-01,07:39,Hollywood Studios,Sunset Boulevard,Beauty and the Beast – Live on Stage,0,True
2026-08-01,07:39,Hollywood Studios,Sunset Boulevard,Rock 'n' Roller Coaster Starring Aerosmith Single Rider,0,False
2026-08-01,07:39,Hollywood Studios,Sunset Boulevard,Rock ’n’ Roller Coaster Starring The Muppets,0,False
2026-08-01,07:39,Hollywood Studios,Sunset Boulevard,The Twilight Zone™ Tower of Terror,0,False
2026-08-01,07:39,Hollywood Studios,Toy Story Land,Alien Swirling Saucers,0,False
2026-08-01,07:39,Hollywood Studios,Toy Story Land,Slinky Dog Dash,0,False
2026-08-01,07:39,Animal Kingdom,Africa,Festival of the Lion King,0,True
2026-08-01,07:39,Animal Kingdom,Africa,Gorilla Falls Exploration Trail,0,False
2026-08-01,07:39,Animal Kingdom,Africa,Kilimanjaro Safaris,0,False
2026-08-01,07:39,Animal Kingdom,Africa,Wildlife Express Train,0,False
2026-08-01,07:39,Animal Kingdom,Asia,Expedition Everest - Legend of the Forbidden Mountain,5,True
2026-08-01,07:39,Animal Kingdom,Asia,Expedition Everest - Legend of the Forbidden Mountain Single Rider,0,True
2026-08-01,07:39,Animal Kingdom,Asia,Feathered Friends in Flight!,0,True
2026-08-01,07:39,Animal Kingdom,Asia,Kali River Rapids,0,False
2026-08-01,07:39,Animal Kingdom,Conservation Station,Animal Care at Conservation Station,0,False
2026-08-01,07:39,Animal Kingdom,Conservation Station,Bluey's Wild World at Conservation Station,0,False
2026-08-01,07:39,Animal Kingdom,Dinoland U.S.A,Finding Nemo: The Big Blue... and Beyond!,0,True
2026-08-01,07:39,Animal Kingdom,Discovery Island,Discovery Island Trails,0,False
2026-08-01,07:39,Animal Kingdom,Discovery Island,Meet Favorite Disney Pals at Adventurers Outpost,0,False
2026-08-01,07:39,Animal Kingdom,Discovery Island,Meet Moana at Character Landing,0,False
2026-08-01,07:39,Animal Kingdom,Discovery Island,Tree of Life,0,True
2026-08-01,07:39,Animal Kingdom,Discovery Island,Zootopia: Better Zoogether!,0,True
2026-08-01,07:39,Animal Kingdom,Pandora - The World of Avatar,Avatar Flight of Passage,35,True
2026-08-01,07:39,Animal Kingdom,Pandora - The World of Avatar,Na'vi River Journey,5,True
2026-08-01,07:39,Animal Kingdom,The Oasis,The Oasis Exhibits,0,False
2026-08-01,07:39,Animal Kingdom,The Oasis,Wilderness Explorers,0,False
2026-08-01,07:44,Magic Kingdom,Adventureland,A Pirate's Adventure ~ Treasures of the Seven Seas,0,False
2026-08-01,07:44,Magic Kingdom,Adventureland,Jungle Cruise,0,False
2026-08-01,07:44,Magic Kingdom,Adventureland,Pirates of the Caribbean,0,False
2026-08-01,07:44,Magic Kingdom,Adventureland,Swiss Family Treehouse,0,False
2026-08-01,07:44,Magic Kingdom,Adventureland,The Magic Carpets of Aladdin,0,False
2026-08-01,07:44,Magic Kingdom,Adventureland,Walt Disney's Enchanted Tiki Room,0,False
2026-08-01,07:44,Magic Kingdom,Fantasyland,it's a small world,0,False
2026-08-01,07:44,Magic Kingdom,Fantasyland,Casey Jr. Splash 'N' Soak Station,0,False
2026-08-01,07:44,Magic Kingdom,Fantasyland,Cinderella Castle,0,False
2026-08-01,07:44,Magic Kingdom,Fantasyland,Dumbo the Flying Elephant,0,False
2026-08-01,07:44,Magic Kingdom,Fantasyland,Enchanted Tales with Belle,0,False
2026-08-01,07:44,Magic Kingdom,Fantasyland,Mad Tea Party,0,False
2026-08-01,07:44,Magic Kingdom,Fantasyland,Meet Ariel at Her Grotto,0,False
2026-08-01,07:44,Magic Kingdom,Fantasyland,Meet Cinderella and a Visiting Princess at Princess Fairytale Hall,0,False
2026-08-01,07:44,Magic Kingdom,Fantasyland,Meet Daring Disney Pals as Circus Stars at Pete's Silly Sideshow,0,False
2026-08-01,07:44,Magic Kingdom,Fantasyland,Meet Dashing Disney Pals as Circus Stars at Pete's Silly Sideshow,0,False
2026-08-01,07:44,Magic Kingdom,Fantasyland,Meet Princess Tiana and a Visiting Princess at Princess Fairytale Hall,0,False
2026-08-01,07:44,Magic Kingdom,Fantasyland,Mickey's PhilharMagic,0,False
2026-08-01,07:44,Magic Kingdom,Fantasyland,Peter Pan's Flight,0,False
2026-08-01,07:44,Magic Kingdom,Fantasyland,Prince Charming Regal Carrousel,0,False
2026-08-01,07:44,Magic Kingdom,Fantasyland,Seven Dwarfs Mine Train,0,False
2026-08-01,07:44,Magic Kingdom,Fantasyland,The Barnstormer,0,False
2026-08-01,07:44,Magic Kingdom,Fantasyland,The Many Adventures of Winnie the Pooh,0,False
2026-08-01,07:44,Magic Kingdom,Fantasyland,Under the Sea - Journey of The Little Mermaid,0,False
2026-08-01,07:44,Magic Kingdom,Fantasyland,Walt Disney World Railroad - Fantasyland,0,False
2026-08-01,07:44,Magic Kingdom,Frontierland,Big Thunder Mountain Railroad,0,False
2026-08-01,07:44,Magic Kingdom,Frontierland,Country Bear Musical Jamboree,0,False
2026-08-01,07:44,Magic Kingdom,Frontierland,Tiana's Bayou Adventure,0,False
2026-08-01,07:44,Magic Kingdom,Liberty Square,Haunted Mansion,0,False
2026-08-01,07:44,Magic Kingdom,Liberty Square,The Hall of Presidents,0,False
2026-08-01,07:44,Magic Kingdom,"Main Street, U.S.A.",Main Street Vehicles,0,False
2026-08-01,07:44,Magic Kingdom,"Main Street, U.S.A.",Meet Mickey at Town Square Theater,0,False
2026-08-01,07:44,Magic Kingdom,"Main Street, U.S.A.","Walt Disney World Railroad - Main Street, U.S.A.",0,False
2026-08-01,07:44,Magic Kingdom,Tomorrowland,Astro Orbiter,0,False
2026-08-01,07:44,Magic Kingdom,Tomorrowland,Buzz Lightyear’s Space Ranger Spin,0,False
2026-08-01,07:44,Magic Kingdom,Tomorrowland,"Monsters, Inc. Laugh Floor",0,False
2026-08-01,07:44,Magic Kingdom,Tomorrowland,Space Mountain,0,False
2026-08-01,07:44,Magic Kingdom,Tomorrowland,Tomorrowland Speedway,0,False
2026-08-01,07:44,Magic Kingdom,Tomorrowland,Tomorrowland Transit Authority PeopleMover,0,False
2026-08-01,07:44,Magic Kingdom,Tomorrowland,TRON Lightcycle / Run,0,False
2026-08-01,07:44,Magic Kingdom,Tomorrowland,Walt Disney's Carousel of Progress,0,False
2026-08-01,07:44,EPCOT,World Celebration,Disney and Pixar Short Film Festival,0,False
2026-08-01,07:44,EPCOT,World Celebration,Journey Into Imagination With Figment,0,False
2026-08-01,07:44,EPCOT,World Celebration,Meet Beloved Disney Pals at Mickey & Friends,0,False
2026-08-01,07:44,EPCOT,World Celebration,Spaceship Earth,0,False
2026-08-01,07:44,EPCOT,World Discovery,Guardians of the Galaxy: Cosmic Rewind,0,False
2026-08-01,07:44,EPCOT,World Discovery,Mission: SPACE,0,False
2026-08-01,07:44,EPCOT,World Discovery,Test Track,0,False
2026-08-01,07:44,EPCOT,World Discovery,Test Track Presented by Chevrolet Single Rider,0,False
2026-08-01,07:44,EPCOT,World Nature,Awesome Planet,0,False
2026-08-01,07:44,EPCOT,World Nature,"Journey of Water, Inspired by Moana",0,False
2026-08-01,07:44,EPCOT,World Nature,Living with the Land,0,False
2026-08-01,07:44,EPCOT,World Nature,SeaBase Aquarium,0,False
2026-08-01,07:44,EPCOT,World Nature,Soarin' Across America,0,False
2026-08-01,07:44,EPCOT,World Nature,The Seas with Nemo & Friends,0,False
2026-08-01,07:44,EPCOT,World Nature,Turtle Talk With Crush,0,False
2026-08-01,07:44,EPCOT,World Showcase,Canada Far and Wide in Circle-Vision 360,0,False
2026-08-01,07:44,EPCOT,World Showcase,Frozen Ever After,0,False
2026-08-01,07:44,EPCOT,World Showcase,Gran Fiesta Tour Starring The Three Caballeros,0,False
2026-08-01,07:44,EPCOT,World Showcase,Meet Anna and Elsa at Royal Sommerhus,0,False
2026-08-01,07:44,EPCOT,World Showcase,Remy's Ratatouille Adventure,0,False
2026-08-01,07:44,EPCOT,World Showcase,Remy's Ratatouille Adventure Single Rider,0,False
2026-08-01,07:44,Hollywood Studios,Animation Courtyard,Disney Jr. Mickey Mouse Clubhouse Live!,0,True
2026-08-01,07:44,Hollywood Studios,Animation Courtyard,Meet Ariel at Walt Disney Presents,0,False
2026-08-01,07:44,Hollywood Studios,Animation Courtyard,The Little Mermaid – A Musical Adventure,0,True
2026-08-01,07:44,Hollywood Studios,Animation Courtyard,Walt Disney Presents,0,False
2026-08-01,07:44,Hollywood Studios,Commissary Lane,Meet Disney Stars at Red Carpet Dreams,0,False
2026-08-01,07:44,Hollywood Studios,Echo Lake,For the First Time in Forever: A Frozen Sing-Along Celebration,0,True
2026-08-01,07:44,Hollywood Studios,Echo Lake,Indiana Jones™ Epic Stunt Spectacular!,0,True
2026-08-01,07:44,Hollywood Studios,Echo Lake,Meet Olaf at Celebrity Spotlight,0,False
2026-08-01,07:44,Hollywood Studios,Echo Lake,Star Tours – The Adventures Continue,0,False
2026-08-01,07:44,Hollywood Studios,Echo Lake,Vacation Fun - An Original Animated Short with Mickey & Minnie,0,False
2026-08-01,07:44,Hollywood Studios,Hollywood Boulevard,Mickey & Minnie's Runaway Railway,0,False
2026-08-01,07:44,Hollywood Studios,Pixar Plaza,Meet Edna Mode at the Edna Mode Experience,0,False
2026-08-01,07:44,Hollywood Studios,Pixar Plaza,Toy Story Mania!,0,False
2026-08-01,07:44,Hollywood Studios,Star Wars: Galaxy's Edge,Millennium Falcon: Smugglers Run,0,False
2026-08-01,07:44,Hollywood Studios,Star Wars: Galaxy's Edge,Millennium Falcon: Smugglers Run Single Rider,0,False
2026-08-01,07:44,Hollywood Studios,Star Wars: Galaxy's Edge,Star Wars: Rise of the Resistance,0,False
2026-08-01,07:44,Hollywood Studios,Star Wars: Galaxy's Edge,Star Wars: Rise of the Resistance Single Rider,0,False
2026-08-01,07:44,Hollywood Studios,Sunset Boulevard,Beauty and the Beast – Live on Stage,0,True
2026-08-01,07:44,Hollywood Studios,Sunset Boulevard,Rock 'n' Roller Coaster Starring Aerosmith Single Rider,0,False
2026-08-01,07:44,Hollywood Studios,Sunset Boulevard,Rock ’n’ Roller Coaster Starring The Muppets,0,False
2026-08-01,07:44,Hollywood Studios,Sunset Boulevard,The Twilight Zone™ Tower of Terror,0,False
2026-08-01,07:44,Hollywood Studios,Toy Story Land,Alien Swirling Saucers,0,False
2026-08-01,07:44,Hollywood Studios,Toy Story Land,Slinky Dog Dash,0,False
2026-08-01,07:44,Animal Kingdom,Africa,Festival of the Lion King,0,True
2026-08-01,07:44,Animal Kingdom,Africa,Gorilla Falls Exploration Trail,0,False
2026-08-01,07:44,Animal Kingdom,Africa,Kilimanjaro Safaris,0,False
2026-08-01,07:44,Animal Kingdom,Africa,Wildlife Express Train,0,False
2026-08-01,07:44,Animal Kingdom,Asia,Expedition Everest - Legend of the Forbidden Mountain,5,True
2026-08-01,07:44,Animal Kingdom,Asia,Expedition Everest - Legend of the Forbidden Mountain Single Rider,0,True
2026-08-01,07:44,Animal Kingdom,Asia,Feathered Friends in Flight!,0,True
2026-08-01,07:44,Animal Kingdom,Asia,Kali River Rapids,0,False
2026-08-01,07:44,Animal Kingdom,Conservation Station,Animal Care at Conservation Station,0,False
2026-08-01,07:44,Animal Kingdom,Conservation Station,Bluey's Wild World at Conservation Station,0,False
2026-08-01,07:44,Animal Kingdom,Dinoland U.S.A,Finding Nemo: The Big Blue... and Beyond!,0,True
2026-08-01,07:44,Animal Kingdom,Discovery Island,Discovery Island Trails,0,False
2026-08-01,07:44,Animal Kingdom,Discovery Island,Meet Favorite Disney Pals at Adventurers Outpost,0,False
2026-08-01,07:44,Animal Kingdom,Discovery Island,Meet Moana at Character Landing,0,False
2026-08-01,07:44,Animal Kingdom,Discovery Island,Tree of Life,0,True
2026-08-01,07:44,Animal Kingdom,Discovery Island,Zootopia: Better Zoogether!,10,True
2026-08-01,07:44,Animal Kingdom,Pandora - The World of Avatar,Avatar Flight of Passage,45,True
2026-08-01,07:44,Animal Kingdom,Pandora - The World of Avatar,Na'vi River Journey,5,True
2026-08-01,07:44,Animal Kingdom,The Oasis,The Oasis Exhibits,0,False
2026-08-01,07:44,Animal Kingdom,The Oasis,Wilderness Explorers,0,False
2026-08-01,07:49,Magic Kingdom,Adventureland,A Pirate's Adventure ~ Treasures of the Seven Seas,0,False
2026-08-01,07:49,Magic Kingdom,Adventureland,Jungle Cruise,0,False
2026-08-01,07:49,Magic Kingdom,Adventureland,Pirates of the Caribbean,0,False
2026-08-01,07:49,Magic Kingdom,Adventureland,Swiss Family Treehouse,0,False
2026-08-01,07:49,Magic Kingdom,Adventureland,The Magic Carpets of Aladdin,0,False
2026-08-01,07:49,Magic Kingdom,Adventureland,Walt Disney's Enchanted Tiki Room,0,False
2026-08-01,07:49,Magic Kingdom,Fantasyland,it's a small world,0,False
2026-08-01,07:49,Magic Kingdom,Fantasyland,Casey Jr. Splash 'N' Soak Station,0,False
2026-08-01,07:49,Magic Kingdom,Fantasyland,Cinderella Castle,0,False
2026-08-01,07:49,Magic Kingdom,Fantasyland,Dumbo the Flying Elephant,0,False
2026-08-01,07:49,Magic Kingdom,Fantasyland,Enchanted Tales with Belle,0,False
2026-08-01,07:49,Magic Kingdom,Fantasyland,Mad Tea Party,0,False
2026-08-01,07:49,Magic Kingdom,Fantasyland,Meet Ariel at Her Grotto,0,False
2026-08-01,07:49,Magic Kingdom,Fantasyland,Meet Cinderella and a Visiting Princess at Princess Fairytale Hall,0,False
2026-08-01,07:49,Magic Kingdom,Fantasyland,Meet Daring Disney Pals as Circus Stars at Pete's Silly Sideshow,0,False
2026-08-01,07:49,Magic Kingdom,Fantasyland,Meet Dashing Disney Pals as Circus Stars at Pete's Silly Sideshow,0,False
2026-08-01,07:49,Magic Kingdom,Fantasyland,Meet Princess Tiana and a Visiting Princess at Princess Fairytale Hall,0,False
2026-08-01,07:49,Magic Kingdom,Fantasyland,Mickey's PhilharMagic,0,False
2026-08-01,07:49,Magic Kingdom,Fantasyland,Peter Pan's Flight,0,False
2026-08-01,07:49,Magic Kingdom,Fantasyland,Prince Charming Regal Carrousel,0,False
2026-08-01,07:49,Magic Kingdom,Fantasyland,Seven Dwarfs Mine Train,0,False
2026-08-01,07:49,Magic Kingdom,Fantasyland,The Barnstormer,0,False
2026-08-01,07:49,Magic Kingdom,Fantasyland,The Many Adventures of Winnie the Pooh,0,False
2026-08-01,07:49,Magic Kingdom,Fantasyland,Under the Sea - Journey of The Little Mermaid,0,False
2026-08-01,07:49,Magic Kingdom,Fantasyland,Walt Disney World Railroad - Fantasyland,0,False
2026-08-01,07:49,Magic Kingdom,Frontierland,Big Thunder Mountain Railroad,0,False
2026-08-01,07:49,Magic Kingdom,Frontierland,Country Bear Musical Jamboree,0,False
2026-08-01,07:49,Magic Kingdom,Frontierland,Tiana's Bayou Adventure,0,False
2026-08-01,07:49,Magic Kingdom,Liberty Square,Haunted Mansion,0,False
2026-08-01,07:49,Magic Kingdom,Liberty Square,The Hall of Presidents,0,False
2026-08-01,07:49,Magic Kingdom,"Main Street, U.S.A.",Main Street Vehicles,0,False
2026-08-01,07:49,Magic Kingdom,"Main Street, U.S.A.",Meet Mickey at Town Square Theater,0,False
2026-08-01,07:49,Magic Kingdom,"Main Street, U.S.A.","Walt Disney World Railroad - Main Street, U.S.A.",0,False
2026-08-01,07:49,Magic Kingdom,Tomorrowland,Astro Orbiter,0,False
2026-08-01,07:49,Magic Kingdom,Tomorrowland,Buzz Lightyear’s Space Ranger Spin,0,False
2026-08-01,07:49,Magic Kingdom,Tomorrowland,"Monsters, Inc. Laugh Floor",0,False
2026-08-01,07:49,Magic Kingdom,Tomorrowland,Space Mountain,0,False
2026-08-01,07:49,Magic Kingdom,Tomorrowland,Tomorrowland Speedway,0,False
2026-08-01,07:49,Magic Kingdom,Tomorrowland,Tomorrowland Transit Authority PeopleMover,0,False
2026-08-01,07:49,Magic Kingdom,Tomorrowland,TRON Lightcycle / Run,0,False
2026-08-01,07:49,Magic Kingdom,Tomorrowland,Walt Disney's Carousel of Progress,0,False
2026-08-01,07:49,EPCOT,World Celebration,Disney and Pixar Short Film Festival,0,False
2026-08-01,07:49,EPCOT,World Celebration,Journey Into Imagination With Figment,0,False
2026-08-01,07:49,EPCOT,World Celebration,Meet Beloved Disney Pals at Mickey & Friends,0,False
2026-08-01,07:49,EPCOT,World Celebration,Spaceship Earth,0,False
2026-08-01,07:49,EPCOT,World Discovery,Guardians of the Galaxy: Cosmic Rewind,0,False
2026-08-01,07:49,EPCOT,World Discovery,Mission: SPACE,0,False
2026-08-01,07:49,EPCOT,World Discovery,Test Track,0,False
2026-08-01,07:49,EPCOT,World Discovery,Test Track Presented by Chevrolet Single Rider,0,False
2026-08-01,07:49,EPCOT,World Nature,Awesome Planet,0,False
2026-08-01,07:49,EPCOT,World Nature,"Journey of Water, Inspired by Moana",0,False
2026-08-01,07:49,EPCOT,World Nature,Living with the Land,0,False
2026-08-01,07:49,EPCOT,World Nature,SeaBase Aquarium,0,False
2026-08-01,07:49,EPCOT,World Nature,Soarin' Across America,0,False
2026-08-01,07:49,EPCOT,World Nature,The Seas with Nemo & Friends,0,False
2026-08-01,07:49,EPCOT,World Nature,Turtle Talk With Crush,0,False
2026-08-01,07:49,EPCOT,World Showcase,Canada Far and Wide in Circle-Vision 360,0,False
2026-08-01,07:49,EPCOT,World Showcase,Frozen Ever After,0,False
2026-08-01,07:49,EPCOT,World Showcase,Gran Fiesta Tour Starring The Three Caballeros,0,False
2026-08-01,07:49,EPCOT,World Showcase,Meet Anna and Elsa at Royal Sommerhus,0,False
2026-08-01,07:49,EPCOT,World Showcase,Remy's Ratatouille Adventure,0,False
2026-08-01,07:49,EPCOT,World Showcase,Remy's Ratatouille Adventure Single Rider,0,False
2026-08-01,07:49,Hollywood Studios,Animation Courtyard,Disney Jr. Mickey Mouse Clubhouse Live!,0,True
2026-08-01,07:49,Hollywood Studios,Animation Courtyard,Meet Ariel at Walt Disney Presents,0,False
2026-08-01,07:49,Hollywood Studios,Animation Courtyard,The Little Mermaid – A Musical Adventure,0,True
2026-08-01,07:49,Hollywood Studios,Animation Courtyard,Walt Disney Presents,0,False
2026-08-01,07:49,Hollywood Studios,Commissary Lane,Meet Disney Stars at Red Carpet Dreams,0,False
2026-08-01,07:49,Hollywood Studios,Echo Lake,For the First Time in Forever: A Frozen Sing-Along Celebration,0,True
2026-08-01,07:49,Hollywood Studios,Echo Lake,Indiana Jones™ Epic Stunt Spectacular!,0,True
2026-08-01,07:49,Hollywood Studios,Echo Lake,Meet Olaf at Celebrity Spotlight,0,False
2026-08-01,07:49,Hollywood Studios,Echo Lake,Star Tours – The Adventures Continue,0,False
2026-08-01,07:49,Hollywood Studios,Echo Lake,Vacation Fun - An Original Animated Short with Mickey & Minnie,0,False
2026-08-01,07:49,Hollywood Studios,Hollywood Boulevard,Mickey & Minnie's Runaway Railway,0,False
2026-08-01,07:49,Hollywood Studios,Pixar Plaza,Meet Edna Mode at the Edna Mode Experience,0,False
2026-08-01,07:49,Hollywood Studios,Pixar Plaza,Toy Story Mania!,0,False
2026-08-01,07:49,Hollywood Studios,Star Wars: Galaxy's Edge,Millennium Falcon: Smugglers Run,0,False
2026-08-01,07:49,Hollywood Studios,Star Wars: Galaxy's Edge,Millennium Falcon: Smugglers Run Single Rider,0,False
2026-08-01,07:49,Hollywood Studios,Star Wars: Galaxy's Edge,Star Wars: Rise of the Resistance,0,False
2026-08-01,07:49,Hollywood Studios,Star Wars: Galaxy's Edge,Star Wars: Rise of the Resistance Single Rider,0,False
2026-08-01,07:49,Hollywood Studios,Sunset Boulevard,Beauty and the Beast – Live on Stage,0,True
2026-08-01,07:49,Hollywood Studios,Sunset Boulevard,Rock 'n' Roller Coaster Starring Aerosmith Single Rider,0,False
2026-08-01,07:49,Hollywood Studios,Sunset Boulevard,Rock ’n’ Roller Coaster Starring The Muppets,0,False
2026-08-01,07:49,Hollywood Studios,Sunset Boulevard,The Twilight Zone™ Tower of Terror,0,False
2026-08-01,07:49,Hollywood Studios,Toy Story Land,Alien Swirling Saucers,0,False
2026-08-01,07:49,Hollywood Studios,Toy Story Land,Slinky Dog Dash,0,False
2026-08-01,07:49,Animal Kingdom,Africa,Festival of the Lion King,0,True
2026-08-01,07:49,Animal Kingdom,Africa,Gorilla Falls Exploration Trail,0,False
2026-08-01,07:49,Animal Kingdom,Africa,Kilimanjaro Safaris,0,False
2026-08-01,07:49,Animal Kingdom,Africa,Wildlife Express Train,0,False
2026-08-01,07:49,Animal Kingdom,Asia,Expedition Everest - Legend of the Forbidden Mountain,5,True
2026-08-01,07:49,Animal Kingdom,Asia,Expedition Everest - Legend of the Forbidden Mountain Single Rider,0,True
2026-08-01,07:49,Animal Kingdom,Asia,Feathered Friends in Flight!,0,True
2026-08-01,07:49,Animal Kingdom,Asia,Kali River Rapids,0,False
2026-08-01,07:49,Animal Kingdom,Conservation Station,Animal Care at Conservation Station,0,False
2026-08-01,07:49,Animal Kingdom,Conservation Station,Bluey's Wild World at Conservation Station,0,False
2026-08-01,07:49,Animal Kingdom,Dinoland U.S.A,Finding Nemo: The Big Blue... and Beyond!,0,True
2026-08-01,07:49,Animal Kingdom,Discovery Island,Discovery Island Trails,0,False
2026-08-01,07:49,Animal Kingdom,Discovery Island,Meet Favorite Disney Pals at Adventurers Outpost,0,False
2026-08-01,07:49,Animal Kingdom,Discovery Island,Meet Moana at Character Landing,0,False
2026-08-01,07:49,Animal Kingdom,Discovery Island,Tree of Life,0,True
2026-08-01,07:49,Animal Kingdom,Discovery Island,Zootopia: Better Zoogether!,10,True
2026-08-01,07:49,Animal Kingdom,Pandora - The World of Avatar,Avatar Flight of Passage,45,True
2026-08-01,07:49,Animal Kingdom,Pandora - The World of Avatar,Na'vi River Journey,5,True
2026-08-01,07:49,Animal Kingdom,The Oasis,The Oasis Exhibits,0,False
2026-08-01,07:49,Animal Kingdom,The Oasis,Wilderness Explorers,0,False
2026-08-01,07:54,Magic Kingdom,Adventureland,A Pirate's Adventure ~ Treasures of the Seven Seas,0,False
2026-08-01,07:54,Magic Kingdom,Adventureland,Jungle Cruise,0,False
2026-08-01,07:54,Magic Kingdom,Adventureland,Pirates of the Caribbean,0,False
2026-08-01,07:54,Magic Kingdom,Adventureland,Swiss Family Treehouse,0,False
2026-08-01,07:54,Magic Kingdom,Adventureland,The Magic Carpets of Aladdin,0,False
2026-08-01,07:54,Magic Kingdom,Adventureland,Walt Disney's Enchanted Tiki Room,0,False
2026-08-01,07:54,Magic Kingdom,Fantasyland,it's a small world,0,False
2026-08-01,07:54,Magic Kingdom,Fantasyland,Casey Jr. Splash 'N' Soak Station,0,False
2026-08-01,07:54,Magic Kingdom,Fantasyland,Cinderella Castle,0,False
2026-08-01,07:54,Magic Kingdom,Fantasyland,Dumbo the Flying Elephant,0,False
2026-08-01,07:54,Magic Kingdom,Fantasyland,Enchanted Tales with Belle,0,False
2026-08-01,07:54,Magic Kingdom,Fantasyland,Mad Tea Party,0,False
2026-08-01,07:54,Magic Kingdom,Fantasyland,Meet Ariel at Her Grotto,0,False
2026-08-01,07:54,Magic Kingdom,Fantasyland,Meet Cinderella and a Visiting Princess at Princess Fairytale Hall,0,False
2026-08-01,07:54,Magic Kingdom,Fantasyland,Meet Daring Disney Pals as Circus Stars at Pete's Silly Sideshow,0,False
2026-08-01,07:54,Magic Kingdom,Fantasyland,Meet Dashing Disney Pals as Circus Stars at Pete's Silly Sideshow,0,False
2026-08-01,07:54,Magic Kingdom,Fantasyland,Meet Princess Tiana and a Visiting Princess at Princess Fairytale Hall,0,False
2026-08-01,07:54,Magic Kingdom,Fantasyland,Mickey's PhilharMagic,0,False
2026-08-01,07:54,Magic Kingdom,Fantasyland,Peter Pan's Flight,0,False
2026-08-01,07:54,Magic Kingdom,Fantasyland,Prince Charming Regal Carrousel,0,False
2026-08-01,07:54,Magic Kingdom,Fantasyland,Seven Dwarfs Mine Train,0,False
2026-08-01,07:54,Magic Kingdom,Fantasyland,The Barnstormer,0,False
2026-08-01,07:54,Magic Kingdom,Fantasyland,The Many Adventures of Winnie the Pooh,0,False
2026-08-01,07:54,Magic Kingdom,Fantasyland,Under the Sea - Journey of The Little Mermaid,0,False
2026-08-01,07:54,Magic Kingdom,Fantasyland,Walt Disney World Railroad - Fantasyland,0,False
2026-08-01,07:54,Magic Kingdom,Frontierland,Big Thunder Mountain Railroad,0,False
2026-08-01,07:54,Magic Kingdom,Frontierland,Country Bear Musical Jamboree,0,False
2026-08-01,07:54,Magic Kingdom,Frontierland,Tiana's Bayou Adventure,0,False
2026-08-01,07:54,Magic Kingdom,Liberty Square,Haunted Mansion,0,False
2026-08-01,07:54,Magic Kingdom,Liberty Square,The Hall of Presidents,0,False
2026-08-01,07:54,Magic Kingdom,"Main Street, U.S.A.",Main Street Vehicles,0,False
2026-08-01,07:54,Magic Kingdom,"Main Street, U.S.A.",Meet Mickey at Town Square Theater,0,False
2026-08-01,07:54,Magic Kingdom,"Main Street, U.S.A.","Walt Disney World Railroad - Main Street, U.S.A.",0,False
2026-08-01,07:54,Magic Kingdom,Tomorrowland,Astro Orbiter,0,False
2026-08-01,07:54,Magic Kingdom,Tomorrowland,Buzz Lightyear’s Space Ranger Spin,0,False
2026-08-01,07:54,Magic Kingdom,Tomorrowland,"Monsters, Inc. Laugh Floor",0,False
2026-08-01,07:54,Magic Kingdom,Tomorrowland,Space Mountain,0,False
2026-08-01,07:54,Magic Kingdom,Tomorrowland,Tomorrowland Speedway,0,False
2026-08-01,07:54,Magic Kingdom,Tomorrowland,Tomorrowland Transit Authority PeopleMover,0,False
2026-08-01,07:54,Magic Kingdom,Tomorrowland,TRON Lightcycle / Run,0,False
2026-08-01,07:54,Magic Kingdom,Tomorrowland,Walt Disney's Carousel of Progress,0,False
2026-08-01,07:54,EPCOT,World Celebration,Disney and Pixar Short Film Festival,0,False
2026-08-01,07:54,EPCOT,World Celebration,Journey Into Imagination With Figment,0,False
2026-08-01,07:54,EPCOT,World Celebration,Meet Beloved Disney Pals at Mickey & Friends,0,False
2026-08-01,07:54,EPCOT,World Celebration,Spaceship Earth,0,False
2026-08-01,07:54,EPCOT,World Discovery,Guardians of the Galaxy: Cosmic Rewind,0,False
2026-08-01,07:54,EPCOT,World Discovery,Mission: SPACE,0,False
2026-08-01,07:54,EPCOT,World Discovery,Test Track,0,False
2026-08-01,07:54,EPCOT,World Discovery,Test Track Presented by Chevrolet Single Rider,0,False
2026-08-01,07:54,EPCOT,World Nature,Awesome Planet,0,False
2026-08-01,07:54,EPCOT,World Nature,"Journey of Water, Inspired by Moana",0,False
2026-08-01,07:54,EPCOT,World Nature,Living with the Land,0,False
2026-08-01,07:54,EPCOT,World Nature,SeaBase Aquarium,0,False
2026-08-01,07:54,EPCOT,World Nature,Soarin' Across America,0,False
2026-08-01,07:54,EPCOT,World Nature,The Seas with Nemo & Friends,0,False
2026-08-01,07:54,EPCOT,World Nature,Turtle Talk With Crush,0,False
2026-08-01,07:54,EPCOT,World Showcase,Canada Far and Wide in Circle-Vision 360,0,False
2026-08-01,07:54,EPCOT,World Showcase,Frozen Ever After,0,False
2026-08-01,07:54,EPCOT,World Showcase,Gran Fiesta Tour Starring The Three Caballeros,0,False
2026-08-01,07:54,EPCOT,World Showcase,Meet Anna and Elsa at Royal Sommerhus,0,False
2026-08-01,07:54,EPCOT,World Showcase,Remy's Ratatouille Adventure,0,False
2026-08-01,07:54,EPCOT,World Showcase,Remy's Ratatouille Adventure Single Rider,0,False
2026-08-01,07:54,Hollywood Studios,Animation Courtyard,Disney Jr. Mickey Mouse Clubhouse Live!,0,True
2026-08-01,07:54,Hollywood Studios,Animation Courtyard,Meet Ariel at Walt Disney Presents,0,False
2026-08-01,07:54,Hollywood Studios,Animation Courtyard,The Little Mermaid – A Musical Adventure,0,True
2026-08-01,07:54,Hollywood Studios,Animation Courtyard,Walt Disney Presents,0,False
2026-08-01,07:54,Hollywood Studios,Commissary Lane,Meet Disney Stars at Red Carpet Dreams,0,False
2026-08-01,07:54,Hollywood Studios,Echo Lake,For the First Time in Forever: A Frozen Sing-Along Celebration,0,True
2026-08-01,07:54,Hollywood Studios,Echo Lake,Indiana Jones™ Epic Stunt Spectacular!,0,True
2026-08-01,07:54,Hollywood Studios,Echo Lake,Meet Olaf at Celebrity Spotlight,0,False
2026-08-01,07:54,Hollywood Studios,Echo Lake,Star Tours – The Adventures Continue,0,False
2026-08-01,07:54,Hollywood Studios,Echo Lake,Vacation Fun - An Original Animated Short with Mickey & Minnie,0,False
2026-08-01,07:54,Hollywood Studios,Hollywood Boulevard,Mickey & Minnie's Runaway Railway,0,False
2026-08-01,07:54,Hollywood Studios,Pixar Plaza,Meet Edna Mode at the Edna Mode Experience,0,False
2026-08-01,07:54,Hollywood Studios,Pixar Plaza,Toy Story Mania!,0,False
2026-08-01,07:54,Hollywood Studios,Star Wars: Galaxy's Edge,Millennium Falcon: Smugglers Run,0,False
2026-08-01,07:54,Hollywood Studios,Star Wars: Galaxy's Edge,Millennium Falcon: Smugglers Run Single Rider,0,False
2026-08-01,07:54,Hollywood Studios,Star Wars: Galaxy's Edge,Star Wars: Rise of the Resistance,0,False
2026-08-01,07:54,Hollywood Studios,Star Wars: Galaxy's Edge,Star Wars: Rise of the Resistance Single Rider,0,False
2026-08-01,07:54,Hollywood Studios,Sunset Boulevard,Beauty and the Beast – Live on Stage,0,True
2026-08-01,07:54,Hollywood Studios,Sunset Boulevard,Rock 'n' Roller Coaster Starring Aerosmith Single Rider,0,False
2026-08-01,07:54,Hollywood Studios,Sunset Boulevard,Rock ’n’ Roller Coaster Starring The Muppets,0,False
2026-08-01,07:54,Hollywood Studios,Sunset Boulevard,The Twilight Zone™ Tower of Terror,0,False
2026-08-01,07:54,Hollywood Studios,Toy Story Land,Alien Swirling Saucers,0,False
2026-08-01,07:54,Hollywood Studios,Toy Story Land,Slinky Dog Dash,0,False
2026-08-01,07:54,Animal Kingdom,Africa,Festival of the Lion King,0,True
2026-08-01,07:54,Animal Kingdom,Africa,Gorilla Falls Exploration Trail,0,False
2026-08-01,07:54,Animal Kingdom,Africa,Kilimanjaro Safaris,0,False
2026-08-01,07:54,Animal Kingdom,Africa,Wildlife Express Train,0,False
2026-08-01,07:54,Animal Kingdom,Asia,Expedition Everest - Legend of the Forbidden Mountain,5,True
2026-08-01,07:54,Animal Kingdom,Asia,Expedition Everest - Legend of the Forbidden Mountain Single Rider,0,True
2026-08-01,07:54,Animal Kingdom,Asia,Feathered Friends in Flight!,0,True
2026-08-01,07:54,Animal Kingdom,Asia,Kali River Rapids,0,False
2026-08-01,07:54,Animal Kingdom,Conservation Station,Animal Care at Conservation Station,0,False
2026-08-01,07:54,Animal Kingdom,Conservation Station,Bluey's Wild World at Conservation Station,0,False
2026-08-01,07:54,Animal Kingdom,Dinoland U.S.A,Finding Nemo: The Big Blue... and Beyond!,0,True
2026-08-01,07:54,Animal Kingdom,Discovery Island,Discovery Island Trails,0,False
2026-08-01,07:54,Animal Kingdom,Discovery Island,Meet Favorite Disney Pals at Adventurers Outpost,0,False
2026-08-01,07:54,Animal Kingdom,Discovery Island,Meet Moana at Character Landing,0,False
2026-08-01,07:54,Animal Kingdom,Discovery Island,Tree of Life,0,True
2026-08-01,07:54,Animal Kingdom,Discovery Island,Zootopia: Better Zoogether!,10,True
2026-08-01,07:54,Animal Kingdom,Pandora - The World of Avatar,Avatar Flight of Passage,55,True
2026-08-01,07:54,Animal Kingdom,Pandora - The World of Avatar,Na'vi River Journey,5,True
2026-08-01,07:54,Animal Kingdom,The Oasis,The Oasis Exhibits,0,False
2026-08-01,07:54,Animal Kingdom,The Oasis,Wilderness Explorers,0,False
2026-08-01,07:59,Magic Kingdom,Adventureland,A Pirate's Adventure ~ Treasures of the Seven Seas,0,False
2026-08-01,07:59,Magic Kingdom,Adventureland,Jungle Cruise,0,False
2026-08-01,07:59,Magic Kingdom,Adventureland,Pirates of the Caribbean,0,False
2026-08-01,07:59,Magic Kingdom,Adventureland,Swiss Family Treehouse,0,False
2026-08-01,07:59,Magic Kingdom,Adventureland,The Magic Carpets of Aladdin,0,False
2026-08-01,07:59,Magic Kingdom,Adventureland,Walt Disney's Enchanted Tiki Room,0,False
2026-08-01,07:59,Magic Kingdom,Fantasyland,it's a small world,0,False
2026-08-01,07:59,Magic Kingdom,Fantasyland,Casey Jr. Splash 'N' Soak Station,0,False
2026-08-01,07:59,Magic Kingdom,Fantasyland,Cinderella Castle,0,False
2026-08-01,07:59,Magic Kingdom,Fantasyland,Dumbo the Flying Elephant,0,False
2026-08-01,07:59,Magic Kingdom,Fantasyland,Enchanted Tales with Belle,0,False
2026-08-01,07:59,Magic Kingdom,Fantasyland,Mad Tea Party,0,False
2026-08-01,07:59,Magic Kingdom,Fantasyland,Meet Ariel at Her Grotto,0,False
2026-08-01,07:59,Magic Kingdom,Fantasyland,Meet Cinderella and a Visiting Princess at Princess Fairytale Hall,0,False
2026-08-01,07:59,Magic Kingdom,Fantasyland,Meet Daring Disney Pals as Circus Stars at Pete's Silly Sideshow,0,False
2026-08-01,07:59,Magic Kingdom,Fantasyland,Meet Dashing Disney Pals as Circus Stars at Pete's Silly Sideshow,0,False
2026-08-01,07:59,Magic Kingdom,Fantasyland,Meet Princess Tiana and a Visiting Princess at Princess Fairytale Hall,0,False
2026-08-01,07:59,Magic Kingdom,Fantasyland,Mickey's PhilharMagic,0,False
2026-08-01,07:59,Magic Kingdom,Fantasyland,Peter Pan's Flight,0,False
2026-08-01,07:59,Magic Kingdom,Fantasyland,Prince Charming Regal Carrousel,0,False
2026-08-01,07:59,Magic Kingdom,Fantasyland,Seven Dwarfs Mine Train,0,False
2026-08-01,07:59,Magic Kingdom,Fantasyland,The Barnstormer,0,False
2026-08-01,07:59,Magic Kingdom,Fantasyland,The Many Adventures of Winnie the Pooh,0,False
2026-08-01,07:59,Magic Kingdom,Fantasyland,Under the Sea - Journey of The Little Mermaid,0,False
2026-08-01,07:59,Magic Kingdom,Fantasyland,Walt Disney World Railroad - Fantasyland,0,False
2026-08-01,07:59,Magic Kingdom,Frontierland,Big Thunder Mountain Railroad,0,False
2026-08-01,07:59,Magic Kingdom,Frontierland,Country Bear Musical Jamboree,0,False
2026-08-01,07:59,Magic Kingdom,Frontierland,Tiana's Bayou Adventure,0,False
2026-08-01,07:59,Magic Kingdom,Liberty Square,Haunted Mansion,0,False
2026-08-01,07:59,Magic Kingdom,Liberty Square,The Hall of Presidents,0,False
2026-08-01,07:59,Magic Kingdom,"Main Street, U.S.A.",Main Street Vehicles,0,False
2026-08-01,07:59,Magic Kingdom,"Main Street, U.S.A.",Meet Mickey at Town Square Theater,0,False
2026-08-01,07:59,Magic Kingdom,"Main Street, U.S.A.","Walt Disney World Railroad - Main Street, U.S.A.",0,False
2026-08-01,07:59,Magic Kingdom,Tomorrowland,Astro Orbiter,0,False
2026-08-01,07:59,Magic Kingdom,Tomorrowland,Buzz Lightyear’s Space Ranger Spin,0,False
2026-08-01,07:59,Magic Kingdom,Tomorrowland,"Monsters, Inc. Laugh Floor",0,False
2026-08-01,07:59,Magic Kingdom,Tomorrowland,Space Mountain,0,False
2026-08-01,07:59,Magic Kingdom,Tomorrowland,Tomorrowland Speedway,0,False
2026-08-01,07:59,Magic Kingdom,Tomorrowland,Tomorrowland Transit Authority PeopleMover,0,False
2026-08-01,07:59,Magic Kingdom,Tomorrowland,TRON Lightcycle / Run,0,False
2026-08-01,07:59,Magic Kingdom,Tomorrowland,Walt Disney's Carousel of Progress,0,False
2026-08-01,07:59,EPCOT,World Celebration,Disney and Pixar Short Film Festival,0,False
2026-08-01,07:59,EPCOT,World Celebration,Journey Into Imagination With Figment,0,False
2026-08-01,07:59,EPCOT,World Celebration,Meet Beloved Disney Pals at Mickey & Friends,0,False
2026-08-01,07:59,EPCOT,World Celebration,Spaceship Earth,0,False
2026-08-01,07:59,EPCOT,World Discovery,Guardians of the Galaxy: Cosmic Rewind,0,False
2026-08-01,07:59,EPCOT,World Discovery,Mission: SPACE,0,False
2026-08-01,07:59,EPCOT,World Discovery,Test Track,0,False
2026-08-01,07:59,EPCOT,World Discovery,Test Track Presented by Chevrolet Single Rider,0,False
2026-08-01,07:59,EPCOT,World Nature,Awesome Planet,0,False
2026-08-01,07:59,EPCOT,World Nature,"Journey of Water, Inspired by Moana",0,False
2026-08-01,07:59,EPCOT,World Nature,Living with the Land,0,False
2026-08-01,07:59,EPCOT,World Nature,SeaBase Aquarium,0,False
2026-08-01,07:59,EPCOT,World Nature,Soarin' Across America,0,False
2026-08-01,07:59,EPCOT,World Nature,The Seas with Nemo & Friends,0,False
2026-08-01,07:59,EPCOT,World Nature,Turtle Talk With Crush,0,False
2026-08-01,07:59,EPCOT,World Showcase,Canada Far and Wide in Circle-Vision 360,0,False
2026-08-01,07:59,EPCOT,World Showcase,Frozen Ever After,0,False
2026-08-01,07:59,EPCOT,World Showcase,Gran Fiesta Tour Starring The Three Caballeros,0,False
2026-08-01,07:59,EPCOT,World Showcase,Meet Anna and Elsa at Royal Sommerhus,0,False
2026-08-01,07:59,EPCOT,World Showcase,Remy's Ratatouille Adventure,0,False
2026-08-01,07:59,EPCOT,World Showcase,Remy's Ratatouille Adventure Single Rider,0,False
2026-08-01,07:59,Hollywood Studios,Animation Courtyard,Disney Jr. Mickey Mouse Clubhouse Live!,0,True
2026-08-01,07:59,Hollywood Studios,Animation Courtyard,Meet Ariel at Walt Disney Presents,0,False
2026-08-01,07:59,Hollywood Studios,Animation Courtyard,The Little Mermaid – A Musical Adventure,0,True
2026-08-01,07:59,Hollywood Studios,Animation Courtyard,Walt Disney Presents,0,False
2026-08-01,07:59,Hollywood Studios,Commissary Lane,Meet Disney Stars at Red Carpet Dreams,0,False
2026-08-01,07:59,Hollywood Studios,Echo Lake,For the First Time in Forever: A Frozen Sing-Along Celebration,0,True
2026-08-01,07:59,Hollywood Studios,Echo Lake,Indiana Jones™ Epic Stunt Spectacular!,0,True
2026-08-01,07:59,Hollywood Studios,Echo Lake,Meet Olaf at Celebrity Spotlight,0,False
2026-08-01,07:59,Hollywood Studios,Echo Lake,Star Tours – The Adventures Continue,0,False
2026-08-01,07:59,Hollywood Studios,Echo Lake,Vacation Fun - An Original Animated Short with Mickey & Minnie,0,False
2026-08-01,07:59,Hollywood Studios,Hollywood Boulevard,Mickey & Minnie's Runaway Railway,0,False
2026-08-01,07:59,Hollywood Studios,Pixar Plaza,Meet Edna Mode at the Edna Mode Experience,0,False
2026-08-01,07:59,Hollywood Studios,Pixar Plaza,Toy Story Mania!,0,False
2026-08-01,07:59,Hollywood Studios,Star Wars: Galaxy's Edge,Millennium Falcon: Smugglers Run,0,False
2026-08-01,07:59,Hollywood Studios,Star Wars: Galaxy's Edge,Millennium Falcon: Smugglers Run Single Rider,0,False
2026-08-01,07:59,Hollywood Studios,Star Wars: Galaxy's Edge,Star Wars: Rise of the Resistance,0,False
2026-08-01,07:59,Hollywood Studios,Star Wars: Galaxy's Edge,Star Wars: Rise of the Resistance Single Rider,0,False
2026-08-01,07:59,Hollywood Studios,Sunset Boulevard,Beauty and the Beast – Live on Stage,0,True
2026-08-01,07:59,Hollywood Studios,Sunset Boulevard,Rock 'n' Roller Coaster Starring Aerosmith Single Rider,0,False
2026-08-01,07:59,Hollywood Studios,Sunset Boulevard,Rock ’n’ Roller Coaster Starring The Muppets,0,False
2026-08-01,07:59,Hollywood Studios,Sunset Boulevard,The Twilight Zone™ Tower of Terror,0,False
2026-08-01,07:59,Hollywood Studios,Toy Story Land,Alien Swirling Saucers,0,False
2026-08-01,07:59,Hollywood Studios,Toy Story Land,Slinky Dog Dash,0,False
2026-08-01,07:59,Animal Kingdom,Africa,Festival of the Lion King,0,True
2026-08-01,07:59,Animal Kingdom,Africa,Gorilla Falls Exploration Trail,0,False
2026-08-01,07:59,Animal Kingdom,Africa,Kilimanjaro Safaris,0,False
2026-08-01,07:59,Animal Kingdom,Africa,Wildlife Express Train,0,False
2026-08-01,07:59,Animal Kingdom,Asia,Expedition Everest - Legend of the Forbidden Mountain,5,True
2026-08-01,07:59,Animal Kingdom,Asia,Expedition Everest - Legend of the Forbidden Mountain Single Rider,0,True
2026-08-01,07:59,Animal Kingdom,Asia,Feathered Friends in Flight!,0,True
2026-08-01,07:59,Animal Kingdom,Asia,Kali River Rapids,0,False
2026-08-01,07:59,Animal Kingdom,Conservation Station,Animal Care at Conservation Station,0,False
2026-08-01,07:59,Animal Kingdom,Conservation Station,Bluey's Wild World at Conservation Station,0,False
2026-08-01,07:59,Animal Kingdom,Dinoland U.S.A,Finding Nemo: The Big Blue... and Beyond!,0,True
2026-08-01,07:59,Animal Kingdom,Discovery Island,Discovery Island Trails,0,False
2026-08-01,07:59,Animal Kingdom,Discovery Island,Meet Favorite Disney Pals at Adventurers Outpost,0,False
2026-08-01,07:59,Animal Kingdom,Discovery Island,Meet Moana at Character Landing,0,False
2026-08-01,07:59,Animal Kingdom,Discovery Island,Tree of Life,0,True
2026-08-01,07:59,Animal Kingdom,Discovery Island,Zootopia: Better Zoogether!,10,True
2026-08-01,07:59,Animal Kingdom,Pandora - The World of Avatar,Avatar Flight of Passage,60,True
2026-08-01,07:59,Animal Kingdom,Pandora - The World of Avatar,Na'vi River Journey,5,True
2026-08-01,07:59,Animal Kingdom,The Oasis,The Oasis Exhibits,0,False
2026-08-01,07:59,Animal Kingdom,The Oasis,Wilderness Explorers,0,False
2026-08-01,08:04,Magic Kingdom,Adventureland,A Pirate's Adventure ~ Treasures of the Seven Seas,0,False
2026-08-01,08:04,Magic Kingdom,Adventureland,Jungle Cruise,0,False
2026-08-01,08:04,Magic Kingdom,Adventureland,Pirates of the Caribbean,0,False
2026-08-01,08:04,Magic Kingdom,Adventureland,Swiss Family Treehouse,0,False
2026-08-01,08:04,Magic Kingdom,Adventureland,The Magic Carpets of Aladdin,0,False
2026-08-01,08:04,Magic Kingdom,Adventureland,Walt Disney's Enchanted Tiki Room,0,False
2026-08-01,08:04,Magic Kingdom,Fantasyland,it's a small world,0,False
2026-08-01,08:04,Magic Kingdom,Fantasyland,Casey Jr. Splash 'N' Soak Station,0,False
2026-08-01,08:04,Magic Kingdom,Fantasyland,Cinderella Castle,0,False
2026-08-01,08:04,Magic Kingdom,Fantasyland,Dumbo the Flying Elephant,0,False
2026-08-01,08:04,Magic Kingdom,Fantasyland,Enchanted Tales with Belle,0,False
2026-08-01,08:04,Magic Kingdom,Fantasyland,Mad Tea Party,0,False
2026-08-01,08:04,Magic Kingdom,Fantasyland,Meet Ariel at Her Grotto,0,False
2026-08-01,08:04,Magic Kingdom,Fantasyland,Meet Cinderella and a Visiting Princess at Princess Fairytale Hall,0,False
2026-08-01,08:04,Magic Kingdom,Fantasyland,Meet Daring Disney Pals as Circus Stars at Pete's Silly Sideshow,0,False
2026-08-01,08:04,Magic Kingdom,Fantasyland,Meet Dashing Disney Pals as Circus Stars at Pete's Silly Sideshow,0,False
2026-08-01,08:04,Magic Kingdom,Fantasyland,Meet Princess Tiana and a Visiting Princess at Princess Fairytale Hall,0,False
2026-08-01,08:04,Magic Kingdom,Fantasyland,Mickey's PhilharMagic,0,False
2026-08-01,08:04,Magic Kingdom,Fantasyland,Peter Pan's Flight,0,False
2026-08-01,08:04,Magic Kingdom,Fantasyland,Prince Charming Regal Carrousel,0,False
2026-08-01,08:04,Magic Kingdom,Fantasyland,Seven Dwarfs Mine Train,0,False
2026-08-01,08:04,Magic Kingdom,Fantasyland,The Barnstormer,0,False
2026-08-01,08:04,Magic Kingdom,Fantasyland,The Many Adventures of Winnie the Pooh,0,False
2026-08-01,08:04,Magic Kingdom,Fantasyland,Under the Sea - Journey of The Little Mermaid,0,False
2026-08-01,08:04,Magic Kingdom,Fantasyland,Walt Disney World Railroad - Fantasyland,0,False
2026-08-01,08:04,Magic Kingdom,Frontierland,Big Thunder Mountain Railroad,0,False
2026-08-01,08:04,Magic Kingdom,Frontierland,Country Bear Musical Jamboree,0,False
2026-08-01,08:04,Magic Kingdom,Frontierland,Tiana's Bayou Adventure,0,False
2026-08-01,08:04,Magic Kingdom,Liberty Square,Haunted Mansion,0,False
2026-08-01,08:04,Magic Kingdom,Liberty Square,The Hall of Presidents,0,False
2026-08-01,08:04,Magic Kingdom,"Main Street, U.S.A.",Main Street Vehicles,0,False
2026-08-01,08:04,Magic Kingdom,"Main Street, U.S.A.",Meet Mickey at Town Square Theater,0,False
2026-08-01,08:04,Magic Kingdom,"Main Street, U.S.A.","Walt Disney World Railroad - Main Street, U.S.A.",0,False
2026-08-01,08:04,Magic Kingdom,Tomorrowland,Astro Orbiter,0,False
2026-08-01,08:04,Magic Kingdom,Tomorrowland,Buzz Lightyear’s Space Ranger Spin,0,False
2026-08-01,08:04,Magic Kingdom,Tomorrowland,"Monsters, Inc. Laugh Floor",0,False
2026-08-01,08:04,Magic Kingdom,Tomorrowland,Space Mountain,0,False
2026-08-01,08:04,Magic Kingdom,Tomorrowland,Tomorrowland Speedway,0,False
2026-08-01,08:04,Magic Kingdom,Tomorrowland,Tomorrowland Transit Authority PeopleMover,0,False
2026-08-01,08:04,Magic Kingdom,Tomorrowland,TRON Lightcycle / Run,0,False
2026-08-01,08:04,Magic Kingdom,Tomorrowland,Walt Disney's Carousel of Progress,0,False
2026-08-01,08:04,EPCOT,World Celebration,Disney and Pixar Short Film Festival,0,False
2026-08-01,08:04,EPCOT,World Celebration,Journey Into Imagination With Figment,0,False
2026-08-01,08:04,EPCOT,World Celebration,Meet Beloved Disney Pals at Mickey & Friends,0,False
2026-08-01,08:04,EPCOT,World Celebration,Spaceship Earth,0,False
2026-08-01,08:04,EPCOT,World Discovery,Guardians of the Galaxy: Cosmic Rewind,0,False
2026-08-01,08:04,EPCOT,World Discovery,Mission: SPACE,0,False
2026-08-01,08:04,EPCOT,World Discovery,Test Track,0,False
2026-08-01,08:04,EPCOT,World Discovery,Test Track Presented by Chevrolet Single Rider,0,False
2026-08-01,08:04,EPCOT,World Nature,Awesome Planet,0,False
2026-08-01,08:04,EPCOT,World Nature,"Journey of Water, Inspired by Moana",0,False
2026-08-01,08:04,EPCOT,World Nature,Living with the Land,0,False
2026-08-01,08:04,EPCOT,World Nature,SeaBase Aquarium,0,False
2026-08-01,08:04,EPCOT,World Nature,Soarin' Across America,0,False
2026-08-01,08:04,EPCOT,World Nature,The Seas with Nemo & Friends,0,False
2026-08-01,08:04,EPCOT,World Nature,Turtle Talk With Crush,0,False
2026-08-01,08:04,EPCOT,World Showcase,Canada Far and Wide in Circle-Vision 360,0,False
2026-08-01,08:04,EPCOT,World Showcase,Frozen Ever After,0,False
2026-08-01,08:04,EPCOT,World Showcase,Gran Fiesta Tour Starring The Three Caballeros,0,False
2026-08-01,08:04,EPCOT,World Showcase,Meet Anna and Elsa at Royal Sommerhus,0,False
2026-08-01,08:04,EPCOT,World Showcase,Remy's Ratatouille Adventure,0,False
2026-08-01,08:04,EPCOT,World Showcase,Remy's Ratatouille Adventure Single Rider,0,False
2026-08-01,08:04,Hollywood Studios,Animation Courtyard,Disney Jr. Mickey Mouse Clubhouse Live!,0,True
2026-08-01,08:04,Hollywood Studios,Animation Courtyard,Meet Ariel at Walt Disney Presents,0,False
2026-08-01,08:04,Hollywood Studios,Animation Courtyard,The Little Mermaid – A Musical Adventure,0,True
2026-08-01,08:04,Hollywood Studios,Animation Courtyard,Walt Disney Presents,0,False
2026-08-01,08:04,Hollywood Studios,Commissary Lane,Meet Disney Stars at Red Carpet Dreams,0,False
2026-08-01,08:04,Hollywood Studios,Echo Lake,For the First Time in Forever: A Frozen Sing-Along Celebration,0,True
2026-08-01,08:04,Hollywood Studios,Echo Lake,Indiana Jones™ Epic Stunt Spectacular!,0,True
2026-08-01,08:04,Hollywood Studios,Echo Lake,Meet Olaf at Celebrity Spotlight,0,False
2026-08-01,08:04,Hollywood Studios,Echo Lake,Star Tours – The Adventures Continue,0,False
2026-08-01,08:04,Hollywood Studios,Echo Lake,Vacation Fun - An Original Animated Short with Mickey & Minnie,0,False
2026-08-01,08:04,Hollywood Studios,Hollywood Boulevard,Mickey & Minnie's Runaway Railway,0,False
2026-08-01,08:04,Hollywood Studios,Pixar Plaza,Meet Edna Mode at the Edna Mode Experience,0,False
2026-08-01,08:04,Hollywood Studios,Pixar Plaza,Toy Story Mania!,0,False
2026-08-01,08:04,Hollywood Studios,Star Wars: Galaxy's Edge,Millennium Falcon: Smugglers Run,0,False
2026-08-01,08:04,Hollywood Studios,Star Wars: Galaxy's Edge,Millennium Falcon: Smugglers Run Single Rider,0,False
2026-08-01,08:04,Hollywood Studios,Star Wars: Galaxy's Edge,Star Wars: Rise of the Resistance,0,False
2026-08-01,08:04,Hollywood Studios,Star Wars: Galaxy's Edge,Star Wars: Rise of the Resistance Single Rider,0,False
2026-08-01,08:04,Hollywood Studios,Sunset Boulevard,Beauty and the Beast – Live on Stage,0,True
2026-08-01,08:04,Hollywood Studios,Sunset Boulevard,Rock 'n' Roller Coaster Starring Aerosmith Single Rider,0,False
2026-08-01,08:04,Hollywood Studios,Sunset Boulevard,Rock ’n’ Roller Coaster Starring The Muppets,0,False
2026-08-01,08:04,Hollywood Studios,Sunset Boulevard,The Twilight Zone™ Tower of Terror,0,False
2026-08-01,08:04,Hollywood Studios,Toy Story Land,Alien Swirling Saucers,0,False
2026-08-01,08:04,Hollywood Studios,Toy Story Land,Slinky Dog Dash,0,False
2026-08-01,08:04,Animal Kingdom,Africa,Festival of the Lion King,0,True
2026-08-01,08:04,Animal Kingdom,Africa,Gorilla Falls Exploration Trail,0,False
2026-08-01,08:04,Animal Kingdom,Africa,Kilimanjaro Safaris,0,False
2026-08-01,08:04,Animal Kingdom,Africa,Wildlife Express Train,0,False
2026-08-01,08:04,Animal Kingdom,Asia,Expedition Everest - Legend of the Forbidden Mountain,5,True
2026-08-01,08:04,Animal Kingdom,Asia,Expedition Everest - Legend of the Forbidden Mountain Single Rider,0,True
2026-08-01,08:04,Animal Kingdom,Asia,Feathered Friends in Flight!,0,True
2026-08-01,08:04,Animal Kingdom,Asia,Kali River Rapids,0,False
2026-08-01,08:04,Animal Kingdom,Conservation Station,Animal Care at Conservation Station,0,True
2026-08-01,08:04,Animal Kingdom,Conservation Station,Bluey's Wild World at Conservation Station,0,False
2026-08-01,08:04,Animal Kingdom,Dinoland U.S.A,Finding Nemo: The Big Blue... and Beyond!,0,True
2026-08-01,08:04,Animal Kingdom,Discovery Island,Discovery Island Trails,0,True
2026-08-01,08:04,Animal Kingdom,Discovery Island,Meet Favorite Disney Pals at Adventurers Outpost,0,False
2026-08-01,08:04,Animal Kingdom,Discovery Island,Meet Moana at Character Landing,0,False
2026-08-01,08:04,Animal Kingdom,Discovery Island,Tree of Life,0,True
2026-08-01,08:04,Animal Kingdom,Discovery Island,Zootopia: Better Zoogether!,10,True
2026-08-01,08:04,Animal Kingdom,Pandora - The World of Avatar,Avatar Flight of Passage,60,True
2026-08-01,08:04,Animal Kingdom,Pandora - The World of Avatar,Na'vi River Journey,5,True
2026-08-01,08:04,Animal Kingdom,The Oasis,The Oasis Exhibits,0,True
2026-08-01,08:04,Animal Kingdom,The Oasis,Wilderness Explorers,0,False
2026-08-01,08:09,Magic Kingdom,Adventureland,A Pirate's Adventure ~ Treasures of the Seven Seas,0,False
2026-08-01,08:09,Magic Kingdom,Adventureland,Jungle Cruise,0,False
2026-08-01,08:09,Magic Kingdom,Adventureland,Pirates of the Caribbean,0,False
2026-08-01,08:09,Magic Kingdom,Adventureland,Swiss Family Treehouse,0,False
2026-08-01,08:09,Magic Kingdom,Adventureland,The Magic Carpets of Aladdin,0,False
2026-08-01,08:09,Magic Kingdom,Adventureland,Walt Disney's Enchanted Tiki Room,0,False
2026-08-01,08:09,Magic Kingdom,Fantasyland,it's a small world,0,False
2026-08-01,08:09,Magic Kingdom,Fantasyland,Casey Jr. Splash 'N' Soak Station,0,False
2026-08-01,08:09,Magic Kingdom,Fantasyland,Cinderella Castle,0,False
2026-08-01,08:09,Magic Kingdom,Fantasyland,Dumbo the Flying Elephant,0,False
2026-08-01,08:09,Magic Kingdom,Fantasyland,Enchanted Tales with Belle,0,False
2026-08-01,08:09,Magic Kingdom,Fantasyland,Mad Tea Party,0,False
2026-08-01,08:09,Magic Kingdom,Fantasyland,Meet Ariel at Her Grotto,0,False
2026-08-01,08:09,Magic Kingdom,Fantasyland,Meet Cinderella and a Visiting Princess at Princess Fairytale Hall,0,False
2026-08-01,08:09,Magic Kingdom,Fantasyland,Meet Daring Disney Pals as Circus Stars at Pete's Silly Sideshow,0,False
2026-08-01,08:09,Magic Kingdom,Fantasyland,Meet Dashing Disney Pals as Circus Stars at Pete's Silly Sideshow,0,False
2026-08-01,08:09,Magic Kingdom,Fantasyland,Meet Princess Tiana and a Visiting Princess at Princess Fairytale Hall,0,False
2026-08-01,08:09,Magic Kingdom,Fantasyland,Mickey's PhilharMagic,0,False
2026-08-01,08:09,Magic Kingdom,Fantasyland,Peter Pan's Flight,0,False
2026-08-01,08:09,Magic Kingdom,Fantasyland,Prince Charming Regal Carrousel,0,False
2026-08-01,08:09,Magic Kingdom,Fantasyland,Seven Dwarfs Mine Train,0,False
2026-08-01,08:09,Magic Kingdom,Fantasyland,The Barnstormer,0,False
2026-08-01,08:09,Magic Kingdom,Fantasyland,The Many Adventures of Winnie the Pooh,0,False
2026-08-01,08:09,Magic Kingdom,Fantasyland,Under the Sea - Journey of The Little Mermaid,0,False
2026-08-01,08:09,Magic Kingdom,Fantasyland,Walt Disney World Railroad - Fantasyland,0,False
2026-08-01,08:09,Magic Kingdom,Frontierland,Big Thunder Mountain Railroad,0,False
2026-08-01,08:09,Magic Kingdom,Frontierland,Country Bear Musical Jamboree,0,False
2026-08-01,08:09,Magic Kingdom,Frontierland,Tiana's Bayou Adventure,0,False
2026-08-01,08:09,Magic Kingdom,Liberty Square,Haunted Mansion,0,False
2026-08-01,08:09,Magic Kingdom,Liberty Square,The Hall of Presidents,0,False
2026-08-01,08:09,Magic Kingdom,"Main Street, U.S.A.",Main Street Vehicles,0,False
2026-08-01,08:09,Magic Kingdom,"Main Street, U.S.A.",Meet Mickey at Town Square Theater,0,False
2026-08-01,08:09,Magic Kingdom,"Main Street, U.S.A.","Walt Disney World Railroad - Main Street, U.S.A.",0,False
2026-08-01,08:09,Magic Kingdom,Tomorrowland,Astro Orbiter,0,False
2026-08-01,08:09,Magic Kingdom,Tomorrowland,Buzz Lightyear’s Space Ranger Spin,0,False
2026-08-01,08:09,Magic Kingdom,Tomorrowland,"Monsters, Inc. Laugh Floor",0,False
2026-08-01,08:09,Magic Kingdom,Tomorrowland,Space Mountain,0,False
2026-08-01,08:09,Magic Kingdom,Tomorrowland,Tomorrowland Speedway,0,False
2026-08-01,08:09,Magic Kingdom,Tomorrowland,Tomorrowland Transit Authority PeopleMover,0,False
2026-08-01,08:09,Magic Kingdom,Tomorrowland,TRON Lightcycle / Run,0,False
2026-08-01,08:09,Magic Kingdom,Tomorrowland,Walt Disney's Carousel of Progress,0,False
2026-08-01,08:09,EPCOT,World Celebration,Disney and Pixar Short Film Festival,0,False
2026-08-01,08:09,EPCOT,World Celebration,Journey Into Imagination With Figment,0,False
2026-08-01,08:09,EPCOT,World Celebration,Meet Beloved Disney Pals at Mickey & Friends,0,False
2026-08-01,08:09,EPCOT,World Celebration,Spaceship Earth,0,False
2026-08-01,08:09,EPCOT,World Discovery,Guardians of the Galaxy: Cosmic Rewind,0,False
2026-08-01,08:09,EPCOT,World Discovery,Mission: SPACE,0,False
2026-08-01,08:09,EPCOT,World Discovery,Test Track,0,False
2026-08-01,08:09,EPCOT,World Discovery,Test Track Presented by Chevrolet Single Rider,0,False
2026-08-01,08:09,EPCOT,World Nature,Awesome Planet,0,False
2026-08-01,08:09,EPCOT,World Nature,"Journey of Water, Inspired by Moana",0,False
2026-08-01,08:09,EPCOT,World Nature,Living with the Land,0,False
2026-08-01,08:09,EPCOT,World Nature,SeaBase Aquarium,0,False
2026-08-01,08:09,EPCOT,World Nature,Soarin' Across America,0,False
2026-08-01,08:09,EPCOT,World Nature,The Seas with Nemo & Friends,0,False
2026-08-01,08:09,EPCOT,World Nature,Turtle Talk With Crush,0,False
2026-08-01,08:09,EPCOT,World Showcase,Canada Far and Wide in Circle-Vision 360,0,False
2026-08-01,08:09,EPCOT,World Showcase,Frozen Ever After,0,False
2026-08-01,08:09,EPCOT,World Showcase,Gran Fiesta Tour Starring The Three Caballeros,0,False
2026-08-01,08:09,EPCOT,World Showcase,Meet Anna and Elsa at Royal Sommerhus,0,False
2026-08-01,08:09,EPCOT,World Showcase,Remy's Ratatouille Adventure,0,False
2026-08-01,08:09,EPCOT,World Showcase,Remy's Ratatouille Adventure Single Rider,0,False
2026-08-01,08:09,Hollywood Studios,Animation Courtyard,Disney Jr. Mickey Mouse Clubhouse Live!,0,True
2026-08-01,08:09,Hollywood Studios,Animation Courtyard,Meet Ariel at Walt Disney Presents,0,False
2026-08-01,08:09,Hollywood Studios,Animation Courtyard,The Little Mermaid – A Musical Adventure,0,True
2026-08-01,08:09,Hollywood Studios,Animation Courtyard,Walt Disney Presents,0,False
2026-08-01,08:09,Hollywood Studios,Commissary Lane,Meet Disney Stars at Red Carpet Dreams,0,False
2026-08-01,08:09,Hollywood Studios,Echo Lake,For the First Time in Forever: A Frozen Sing-Along Celebration,0,True
2026-08-01,08:09,Hollywood Studios,Echo Lake,Indiana Jones™ Epic Stunt Spectacular!,0,True
2026-08-01,08:09,Hollywood Studios,Echo Lake,Meet Olaf at Celebrity Spotlight,0,False
2026-08-01,08:09,Hollywood Studios,Echo Lake,Star Tours – The Adventures Continue,0,False
2026-08-01,08:09,Hollywood Studios,Echo Lake,Vacation Fun - An Original Animated Short with Mickey & Minnie,0,False
2026-08-01,08:09,Hollywood Studios,Hollywood Boulevard,Mickey & Minnie's Runaway Railway,0,False
2026-08-01,08:09,Hollywood Studios,Pixar Plaza,Meet Edna Mode at the Edna Mode Experience,0,False
2026-08-01,08:09,Hollywood Studios,Pixar Plaza,Toy Story Mania!,0,False
2026-08-01,08:09,Hollywood Studios,Star Wars: Galaxy's Edge,Millennium Falcon: Smugglers Run,0,False
2026-08-01,08:09,Hollywood Studios,Star Wars: Galaxy's Edge,Millennium Falcon: Smugglers Run Single Rider,0,False
2026-08-01,08:09,Hollywood Studios,Star Wars: Galaxy's Edge,Star Wars: Rise of the Resistance,0,False
2026-08-01,08:09,Hollywood Studios,Star Wars: Galaxy's Edge,Star Wars: Rise of the Resistance Single Rider,0,False
2026-08-01,08:09,Hollywood Studios,Sunset Boulevard,Beauty and the Beast – Live on Stage,0,True
2026-08-01,08:09,Hollywood Studios,Sunset Boulevard,Rock 'n' Roller Coaster Starring Aerosmith Single Rider,0,False
2026-08-01,08:09,Hollywood Studios,Sunset Boulevard,Rock ’n’ Roller Coaster Starring The Muppets,0,False
2026-08-01,08:09,Hollywood Studios,Sunset Boulevard,The Twilight Zone™ Tower of Terror,0,False
2026-08-01,08:09,Hollywood Studios,Toy Story Land,Alien Swirling Saucers,0,False
2026-08-01,08:09,Hollywood Studios,Toy Story Land,Slinky Dog Dash,0,False
2026-08-01,08:09,Animal Kingdom,Africa,Festival of the Lion King,0,True
2026-08-01,08:09,Animal Kingdom,Africa,Gorilla Falls Exploration Trail,0,False
2026-08-01,08:09,Animal Kingdom,Africa,Kilimanjaro Safaris,0,True
2026-08-01,08:09,Animal Kingdom,Africa,Wildlife Express Train,5,True
2026-08-01,08:09,Animal Kingdom,Asia,Expedition Everest - Legend of the Forbidden Mountain,5,True
2026-08-01,08:09,Animal Kingdom,Asia,Expedition Everest - Legend of the Forbidden Mountain Single Rider,0,True
2026-08-01,08:09,Animal Kingdom,Asia,Feathered Friends in Flight!,0,True
2026-08-01,08:09,Animal Kingdom,Asia,Kali River Rapids,0,False
2026-08-01,08:09,Animal Kingdom,Conservation Station,Animal Care at Conservation Station,0,True
2026-08-01,08:09,Animal Kingdom,Conservation Station,Bluey's Wild World at Conservation Station,0,False
2026-08-01,08:09,Animal Kingdom,Dinoland U.S.A,Finding Nemo: The Big Blue... and Beyond!,0,True
2026-08-01,08:09,Animal Kingdom,Discovery Island,Discovery Island Trails,0,True
2026-08-01,08:09,Animal Kingdom,Discovery Island,Meet Favorite Disney Pals at Adventurers Outpost,10,True
2026-08-01,08:09,Animal Kingdom,Discovery Island,Meet Moana at Character Landing,0,False
2026-08-01,08:09,Animal Kingdom,Discovery Island,Tree of Life,0,True
2026-08-01,08:09,Animal Kingdom,Discovery Island,Zootopia: Better Zoogether!,10,True
2026-08-01,08:09,Animal Kingdom,Pandora - The World of Avatar,Avatar Flight of Passage,70,True
2026-08-01,08:09,Animal Kingdom,Pandora - The World of Avatar,Na'vi River Journey,5,True
2026-08-01,08:09,Animal Kingdom,The Oasis,The Oasis Exhibits,0,True
2026-08-01,08:09,Animal Kingdom,The Oasis,Wilderness Explorers,0,False
2026-08-01,08:14,Magic Kingdom,Adventureland,A Pirate's Adventure ~ Treasures of the Seven Seas,0,False
2026-08-01,08:14,Magic Kingdom,Adventureland,Jungle Cruise,0,False
2026-08-01,08:14,Magic Kingdom,Adventureland,Pirates of the Caribbean,0,False
2026-08-01,08:14,Magic Kingdom,Adventureland,Swiss Family Treehouse,0,False
2026-08-01,08:14,Magic Kingdom,Adventureland,The Magic Carpets of Aladdin,0,False
2026-08-01,08:14,Magic Kingdom,Adventureland,Walt Disney's Enchanted Tiki Room,0,False
2026-08-01,08:14,Magic Kingdom,Fantasyland,it's a small world,0,False
2026-08-01,08:14,Magic Kingdom,Fantasyland,Casey Jr. Splash 'N' Soak Station,0,False
2026-08-01,08:14,Magic Kingdom,Fantasyland,Cinderella Castle,0,False
2026-08-01,08:14,Magic Kingdom,Fantasyland,Dumbo the Flying Elephant,0,False
2026-08-01,08:14,Magic Kingdom,Fantasyland,Enchanted Tales with Belle,0,False
2026-08-01,08:14,Magic Kingdom,Fantasyland,Mad Tea Party,0,False
2026-08-01,08:14,Magic Kingdom,Fantasyland,Meet Ariel at Her Grotto,0,False
2026-08-01,08:14,Magic Kingdom,Fantasyland,Meet Cinderella and a Visiting Princess at Princess Fairytale Hall,0,False
2026-08-01,08:14,Magic Kingdom,Fantasyland,Meet Daring Disney Pals as Circus Stars at Pete's Silly Sideshow,0,False
2026-08-01,08:14,Magic Kingdom,Fantasyland,Meet Dashing Disney Pals as Circus Stars at Pete's Silly Sideshow,0,False
2026-08-01,08:14,Magic Kingdom,Fantasyland,Meet Princess Tiana and a Visiting Princess at Princess Fairytale Hall,0,False
2026-08-01,08:14,Magic Kingdom,Fantasyland,Mickey's PhilharMagic,0,False
2026-08-01,08:14,Magic Kingdom,Fantasyland,Peter Pan's Flight,0,False
2026-08-01,08:14,Magic Kingdom,Fantasyland,Prince Charming Regal Carrousel,0,False
2026-08-01,08:14,Magic Kingdom,Fantasyland,Seven Dwarfs Mine Train,0,False
2026-08-01,08:14,Magic Kingdom,Fantasyland,The Barnstormer,0,False
2026-08-01,08:14,Magic Kingdom,Fantasyland,The Many Adventures of Winnie the Pooh,0,False
2026-08-01,08:14,Magic Kingdom,Fantasyland,Under the Sea - Journey of The Little Mermaid,0,False
2026-08-01,08:14,Magic Kingdom,Fantasyland,Walt Disney World Railroad - Fantasyland,0,False
2026-08-01,08:14,Magic Kingdom,Frontierland,Big Thunder Mountain Railroad,0,False
2026-08-01,08:14,Magic Kingdom,Frontierland,Country Bear Musical Jamboree,0,False
2026-08-01,08:14,Magic Kingdom,Frontierland,Tiana's Bayou Adventure,0,False
2026-08-01,08:14,Magic Kingdom,Liberty Square,Haunted Mansion,0,False
2026-08-01,08:14,Magic Kingdom,Liberty Square,The Hall of Presidents,0,False
2026-08-01,08:14,Magic Kingdom,"Main Street, U.S.A.",Main Street Vehicles,0,False
2026-08-01,08:14,Magic Kingdom,"Main Street, U.S.A.",Meet Mickey at Town Square Theater,0,False
2026-08-01,08:14,Magic Kingdom,"Main Street, U.S.A.","Walt Disney World Railroad - Main Street, U.S.A.",0,False
2026-08-01,08:14,Magic Kingdom,Tomorrowland,Astro Orbiter,0,False
2026-08-01,08:14,Magic Kingdom,Tomorrowland,Buzz Lightyear’s Space Ranger Spin,0,False
2026-08-01,08:14,Magic Kingdom,Tomorrowland,"Monsters, Inc. Laugh Floor",0,False
2026-08-01,08:14,Magic Kingdom,Tomorrowland,Space Mountain,0,False
2026-08-01,08:14,Magic Kingdom,Tomorrowland,Tomorrowland Speedway,0,False
2026-08-01,08:14,Magic Kingdom,Tomorrowland,Tomorrowland Transit Authority PeopleMover,0,False
2026-08-01,08:14,Magic Kingdom,Tomorrowland,TRON Lightcycle / Run,0,False
2026-08-01,08:14,Magic Kingdom,Tomorrowland,Walt Disney's Carousel of Progress,0,False
2026-08-01,08:14,EPCOT,World Celebration,Disney and Pixar Short Film Festival,0,False
2026-08-01,08:14,EPCOT,World Celebration,Journey Into Imagination With Figment,0,False
2026-08-01,08:14,EPCOT,World Celebration,Meet Beloved Disney Pals at Mickey & Friends,0,False
2026-08-01,08:14,EPCOT,World Celebration,Spaceship Earth,0,False
2026-08-01,08:14,EPCOT,World Discovery,Guardians of the Galaxy: Cosmic Rewind,0,False
2026-08-01,08:14,EPCOT,World Discovery,Mission: SPACE,0,False
2026-08-01,08:14,EPCOT,World Discovery,Test Track,0,False
2026-08-01,08:14,EPCOT,World Discovery,Test Track Presented by Chevrolet Single Rider,0,False
2026-08-01,08:14,EPCOT,World Nature,Awesome Planet,0,False
2026-08-01,08:14,EPCOT,World Nature,"Journey of Water, Inspired by Moana",0,False
2026-08-01,08:14,EPCOT,World Nature,Living with the Land,0,False
2026-08-01,08:14,EPCOT,World Nature,SeaBase Aquarium,0,False
2026-08-01,08:14,EPCOT,World Nature,Soarin' Across America,0,False
2026-08-01,08:14,EPCOT,World Nature,The Seas with Nemo & Friends,0,False
2026-08-01,08:14,EPCOT,World Nature,Turtle Talk With Crush,0,False
2026-08-01,08:14,EPCOT,World Showcase,Canada Far and Wide in Circle-Vision 360,0,False
2026-08-01,08:14,EPCOT,World Showcase,Frozen Ever After,0,False
2026-08-01,08:14,EPCOT,World Showcase,Gran Fiesta Tour Starring The Three Caballeros,0,False
2026-08-01,08:14,EPCOT,World Showcase,Meet Anna and Elsa at Royal Sommerhus,0,False
2026-08-01,08:14,EPCOT,World Showcase,Remy's Ratatouille Adventure,0,False
2026-08-01,08:14,EPCOT,World Showcase,Remy's Ratatouille Adventure Single Rider,0,False
2026-08-01,08:14,Hollywood Studios,Animation Courtyard,Disney Jr. Mickey Mouse Clubhouse Live!,0,True
2026-08-01,08:14,Hollywood Studios,Animation Courtyard,Meet Ariel at Walt Disney Presents,0,False
2026-08-01,08:14,Hollywood Studios,Animation Courtyard,The Little Mermaid – A Musical Adventure,0,True
2026-08-01,08:14,Hollywood Studios,Animation Courtyard,Walt Disney Presents,0,False
2026-08-01,08:14,Hollywood Studios,Commissary Lane,Meet Disney Stars at Red Carpet Dreams,0,False
2026-08-01,08:14,Hollywood Studios,Echo Lake,For the First Time in Forever: A Frozen Sing-Along Celebration,0,True
2026-08-01,08:14,Hollywood Studios,Echo Lake,Indiana Jones™ Epic Stunt Spectacular!,0,True
2026-08-01,08:14,Hollywood Studios,Echo Lake,Meet Olaf at Celebrity Spotlight,0,False
2026-08-01,08:14,Hollywood Studios,Echo Lake,Star Tours – The Adventures Continue,0,False
2026-08-01,08:14,Hollywood Studios,Echo Lake,Vacation Fun - An Original Animated Short with Mickey & Minnie,0,False
2026-08-01,08:14,Hollywood Studios,Hollywood Boulevard,Mickey & Minnie's Runaway Railway,0,False
2026-08-01,08:14,Hollywood Studios,Pixar Plaza,Meet Edna Mode at the Edna Mode Experience,0,False
2026-08-01,08:14,Hollywood Studios,Pixar Plaza,Toy Story Mania!,0,False
2026-08-01,08:14,Hollywood Studios,Star Wars: Galaxy's Edge,Millennium Falcon: Smugglers Run,0,False
2026-08-01,08:14,Hollywood Studios,Star Wars: Galaxy's Edge,Millennium Falcon: Smugglers Run Single Rider,0,False
2026-08-01,08:14,Hollywood Studios,Star Wars: Galaxy's Edge,Star Wars: Rise of the Resistance,0,False
2026-08-01,08:14,Hollywood Studios,Star Wars: Galaxy's Edge,Star Wars: Rise of the Resistance Single Rider,0,False
2026-08-01,08:14,Hollywood Studios,Sunset Boulevard,Beauty and the Beast – Live on Stage,0,True
2026-08-01,08:14,Hollywood Studios,Sunset Boulevard,Rock 'n' Roller Coaster Starring Aerosmith Single Rider,0,False
2026-08-01,08:14,Hollywood Studios,Sunset Boulevard,Rock ’n’ Roller Coaster Starring The Muppets,0,False
2026-08-01,08:14,Hollywood Studios,Sunset Boulevard,The Twilight Zone™ Tower of Terror,0,False
2026-08-01,08:14,Hollywood Studios,Toy Story Land,Alien Swirling Saucers,0,False
2026-08-01,08:14,Hollywood Studios,Toy Story Land,Slinky Dog Dash,0,False
2026-08-01,08:14,Animal Kingdom,Africa,Festival of the Lion King,0,True
2026-08-01,08:14,Animal Kingdom,Africa,Gorilla Falls Exploration Trail,0,False
2026-08-01,08:14,Animal Kingdom,Africa,Kilimanjaro Safaris,0,True
2026-08-01,08:14,Animal Kingdom,Africa,Wildlife Express Train,5,True
2026-08-01,08:14,Animal Kingdom,Asia,Expedition Everest - Legend of the Forbidden Mountain,5,True
2026-08-01,08:14,Animal Kingdom,Asia,Expedition Everest - Legend of the Forbidden Mountain Single Rider,0,True
2026-08-01,08:14,Animal Kingdom,Asia,Feathered Friends in Flight!,0,True
2026-08-01,08:14,Animal Kingdom,Asia,Kali River Rapids,0,False
2026-08-01,08:14,Animal Kingdom,Conservation Station,Animal Care at Conservation Station,0,True
2026-08-01,08:14,Animal Kingdom,Conservation Station,Bluey's Wild World at Conservation Station,0,False
2026-08-01,08:14,Animal Kingdom,Dinoland U.S.A,Finding Nemo: The Big Blue... and Beyond!,0,True
2026-08-01,08:14,Animal Kingdom,Discovery Island,Discovery Island Trails,0,True
2026-08-01,08:14,Animal Kingdom,Discovery Island,Meet Favorite Disney Pals at Adventurers Outpost,10,True
2026-08-01,08:14,Animal Kingdom,Discovery Island,Meet Moana at Character Landing,0,False
2026-08-01,08:14,Animal Kingdom,Discovery Island,Tree of Life,0,True
2026-08-01,08:14,Animal Kingdom,Discovery Island,Zootopia: Better Zoogether!,10,True
2026-08-01,08:14,Animal Kingdom,Pandora - The World of Avatar,Avatar Flight of Passage,75,True
2026-08-01,08:14,Animal Kingdom,Pandora - The World of Avatar,Na'vi River Journey,5,True
2026-08-01,08:14,Animal Kingdom,The Oasis,The Oasis Exhibits,0,True
2026-08-01,08:14,Animal Kingdom,The Oasis,Wilderness Explorers,0,False
2026-08-01,08:19,Magic Kingdom,Adventureland,A Pirate's Adventure ~ Treasures of the Seven Seas,0,False
2026-08-01,08:19,Magic Kingdom,Adventureland,Jungle Cruise,0,False
2026-08-01,08:19,Magic Kingdom,Adventureland,Pirates of the Caribbean,0,False
2026-08-01,08:19,Magic Kingdom,Adventureland,Swiss Family Treehouse,0,False
2026-08-01,08:19,Magic Kingdom,Adventureland,The Magic Carpets of Aladdin,0,False
2026-08-01,08:19,Magic Kingdom,Adventureland,Walt Disney's Enchanted Tiki Room,0,False
2026-08-01,08:19,Magic Kingdom,Fantasyland,it's a small world,0,False
2026-08-01,08:19,Magic Kingdom,Fantasyland,Casey Jr. Splash 'N' Soak Station,0,False
2026-08-01,08:19,Magic Kingdom,Fantasyland,Cinderella Castle,0,False
2026-08-01,08:19,Magic Kingdom,Fantasyland,Dumbo the Flying Elephant,0,False
2026-08-01,08:19,Magic Kingdom,Fantasyland,Enchanted Tales with Belle,0,False
2026-08-01,08:19,Magic Kingdom,Fantasyland,Mad Tea Party,0,False
2026-08-01,08:19,Magic Kingdom,Fantasyland,Meet Ariel at Her Grotto,0,False
2026-08-01,08:19,Magic Kingdom,Fantasyland,Meet Cinderella and a Visiting Princess at Princess Fairytale Hall,0,False
2026-08-01,08:19,Magic Kingdom,Fantasyland,Meet Daring Disney Pals as Circus Stars at Pete's Silly Sideshow,0,False
2026-08-01,08:19,Magic Kingdom,Fantasyland,Meet Dashing Disney Pals as Circus Stars at Pete's Silly Sideshow,0,False
2026-08-01,08:19,Magic Kingdom,Fantasyland,Meet Princess Tiana and a Visiting Princess at Princess Fairytale Hall,0,False
2026-08-01,08:19,Magic Kingdom,Fantasyland,Mickey's PhilharMagic,0,False
2026-08-01,08:19,Magic Kingdom,Fantasyland,Peter Pan's Flight,0,False
2026-08-01,08:19,Magic Kingdom,Fantasyland,Prince Charming Regal Carrousel,0,False
2026-08-01,08:19,Magic Kingdom,Fantasyland,Seven Dwarfs Mine Train,0,False
2026-08-01,08:19,Magic Kingdom,Fantasyland,The Barnstormer,0,False
2026-08-01,08:19,Magic Kingdom,Fantasyland,The Many Adventures of Winnie the Pooh,0,False
2026-08-01,08:19,Magic Kingdom,Fantasyland,Under the Sea - Journey of The Little Mermaid,0,False
2026-08-01,08:19,Magic Kingdom,Fantasyland,Walt Disney World Railroad - Fantasyland,0,False
2026-08-01,08:19,Magic Kingdom,Frontierland,Big Thunder Mountain Railroad,0,False
2026-08-01,08:19,Magic Kingdom,Frontierland,Country Bear Musical Jamboree,0,False
2026-08-01,08:19,Magic Kingdom,Frontierland,Tiana's Bayou Adventure,0,False
2026-08-01,08:19,Magic Kingdom,Liberty Square,Haunted Mansion,0,False
2026-08-01,08:19,Magic Kingdom,Liberty Square,The Hall of Presidents,0,False
2026-08-01,08:19,Magic Kingdom,"Main Street, U.S.A.",Main Street Vehicles,0,False
2026-08-01,08:19,Magic Kingdom,"Main Street, U.S.A.",Meet Mickey at Town Square Theater,0,False
2026-08-01,08:19,Magic Kingdom,"Main Street, U.S.A.","Walt Disney World Railroad - Main Street, U.S.A.",0,False
2026-08-01,08:19,Magic Kingdom,Tomorrowland,Astro Orbiter,0,False
2026-08-01,08:19,Magic Kingdom,Tomorrowland,Buzz Lightyear’s Space Ranger Spin,0,False
2026-08-01,08:19,Magic Kingdom,Tomorrowland,"Monsters, Inc. Laugh Floor",0,False
2026-08-01,08:19,Magic Kingdom,Tomorrowland,Space Mountain,0,False
2026-08-01,08:19,Magic Kingdom,Tomorrowland,Tomorrowland Speedway,0,False
2026-08-01,08:19,Magic Kingdom,Tomorrowland,Tomorrowland Transit Authority PeopleMover,0,False
2026-08-01,08:19,Magic Kingdom,Tomorrowland,TRON Lightcycle / Run,0,False
2026-08-01,08:19,Magic Kingdom,Tomorrowland,Walt Disney's Carousel of Progress,0,False
2026-08-01,08:19,EPCOT,World Celebration,Disney and Pixar Short Film Festival,0,False
2026-08-01,08:19,EPCOT,World Celebration,Journey Into Imagination With Figment,0,False
2026-08-01,08:19,EPCOT,World Celebration,Meet Beloved Disney Pals at Mickey & Friends,0,False
2026-08-01,08:19,EPCOT,World Celebration,Spaceship Earth,0,False
2026-08-01,08:19,EPCOT,World Discovery,Guardians of the Galaxy: Cosmic Rewind,0,False
2026-08-01,08:19,EPCOT,World Discovery,Mission: SPACE,0,False
2026-08-01,08:19,EPCOT,World Discovery,Test Track,0,False
2026-08-01,08:19,EPCOT,World Discovery,Test Track Presented by Chevrolet Single Rider,0,False
2026-08-01,08:19,EPCOT,World Nature,Awesome Planet,0,False
2026-08-01,08:19,EPCOT,World Nature,"Journey of Water, Inspired by Moana",0,False
2026-08-01,08:19,EPCOT,World Nature,Living with the Land,0,False
2026-08-01,08:19,EPCOT,World Nature,SeaBase Aquarium,0,False
2026-08-01,08:19,EPCOT,World Nature,Soarin' Across America,0,False
2026-08-01,08:19,EPCOT,World Nature,The Seas with Nemo & Friends,0,False
2026-08-01,08:19,EPCOT,World Nature,Turtle Talk With Crush,0,False
2026-08-01,08:19,EPCOT,World Showcase,Canada Far and Wide in Circle-Vision 360,0,False
2026-08-01,08:19,EPCOT,World Showcase,Frozen Ever After,0,False
2026-08-01,08:19,EPCOT,World Showcase,Gran Fiesta Tour Starring The Three Caballeros,0,False
2026-08-01,08:19,EPCOT,World Showcase,Meet Anna and Elsa at Royal Sommerhus,0,False
2026-08-01,08:19,EPCOT,World Showcase,Remy's Ratatouille Adventure,0,False
2026-08-01,08:19,EPCOT,World Showcase,Remy's Ratatouille Adventure Single Rider,0,False
2026-08-01,08:19,Hollywood Studios,Animation Courtyard,Disney Jr. Mickey Mouse Clubhouse Live!,0,True
2026-08-01,08:19,Hollywood Studios,Animation Courtyard,Meet Ariel at Walt Disney Presents,0,False
2026-08-01,08:19,Hollywood Studios,Animation Courtyard,The Little Mermaid – A Musical Adventure,0,True
2026-08-01,08:19,Hollywood Studios,Animation Courtyard,Walt Disney Presents,0,False
2026-08-01,08:19,Hollywood Studios,Commissary Lane,Meet Disney Stars at Red Carpet Dreams,0,False
2026-08-01,08:19,Hollywood Studios,Echo Lake,For the First Time in Forever: A Frozen Sing-Along Celebration,0,True
2026-08-01,08:19,Hollywood Studios,Echo Lake,Indiana Jones™ Epic Stunt Spectacular!,0,True
2026-08-01,08:19,Hollywood Studios,Echo Lake,Meet Olaf at Celebrity Spotlight,0,False
2026-08-01,08:19,Hollywood Studios,Echo Lake,Star Tours – The Adventures Continue,0,False
2026-08-01,08:19,Hollywood Studios,Echo Lake,Vacation Fun - An Original Animated Short with Mickey & Minnie,0,False
2026-08-01,08:19,Hollywood Studios,Hollywood Boulevard,Mickey & Minnie's Runaway Railway,0,False
2026-08-01,08:19,Hollywood Studios,Pixar Plaza,Meet Edna Mode at the Edna Mode Experience,0,False
2026-08-01,08:19,Hollywood Studios,Pixar Plaza,Toy Story Mania!,0,False
2026-08-01,08:19,Hollywood Studios,Star Wars: Galaxy's Edge,Millennium Falcon: Smugglers Run,0,False
2026-08-01,08:19,Hollywood Studios,Star Wars: Galaxy's Edge,Millennium Falcon: Smugglers Run Single Rider,0,False
2026-08-01,08:19,Hollywood Studios,Star Wars: Galaxy's Edge,Star Wars: Rise of the Resistance,0,False
2026-08-01,08:19,Hollywood Studios,Star Wars: Galaxy's Edge,Star Wars: Rise of the Resistance Single Rider,0,False
2026-08-01,08:19,Hollywood Studios,Sunset Boulevard,Beauty and the Beast – Live on Stage,0,True
2026-08-01,08:19,Hollywood Studios,Sunset Boulevard,Rock 'n' Roller Coaster Starring Aerosmith Single Rider,0,False
2026-08-01,08:19,Hollywood Studios,Sunset Boulevard,Rock ’n’ Roller Coaster Starring The Muppets,0,False
2026-08-01,08:19,Hollywood Studios,Sunset Boulevard,The Twilight Zone™ Tower of Terror,0,False
2026-08-01,08:19,Hollywood Studios,Toy Story Land,Alien Swirling Saucers,0,False
2026-08-01,08:19,Hollywood Studios,Toy Story Land,Slinky Dog Dash,0,False
2026-08-01,08:19,Animal Kingdom,Africa,Festival of the Lion King,0,True
2026-08-01,08:19,Animal Kingdom,Africa,Gorilla Falls Exploration Trail,0,False
2026-08-01,08:19,Animal Kingdom,Africa,Kilimanjaro Safaris,0,True
2026-08-01,08:19,Animal Kingdom,Africa,Wildlife Express Train,5,True
2026-08-01,08:19,Animal Kingdom,Asia,Expedition Everest - Legend of the Forbidden Mountain,10,True
2026-08-01,08:19,Animal Kingdom,Asia,Expedition Everest - Legend of the Forbidden Mountain Single Rider,0,True
2026-08-01,08:19,Animal Kingdom,Asia,Feathered Friends in Flight!,0,True
2026-08-01,08:19,Animal Kingdom,Asia,Kali River Rapids,0,False
2026-08-01,08:19,Animal Kingdom,Conservation Station,Animal Care at Conservation Station,0,True
2026-08-01,08:19,Animal Kingdom,Conservation Station,Bluey's Wild World at Conservation Station,0,False
2026-08-01,08:19,Animal Kingdom,Dinoland U.S.A,Finding Nemo: The Big Blue... and Beyond!,0,True
2026-08-01,08:19,Animal Kingdom,Discovery Island,Discovery Island Trails,0,True
2026-08-01,08:19,Animal Kingdom,Discovery Island,Meet Favorite Disney Pals at Adventurers Outpost,10,True
2026-08-01,08:19,Animal Kingdom,Discovery Island,Meet Moana at Character Landing,0,False
2026-08-01,08:19,Animal Kingdom,Discovery Island,Tree of Life,0,True
2026-08-01,08:19,Animal Kingdom,Discovery Island,Zootopia: Better Zoogether!,10,True
2026-08-01,08:19,Animal Kingdom,Pandora - The World of Avatar,Avatar Flight of Passage,80,True
2026-08-01,08:19,Animal Kingdom,Pandora - The World of Avatar,Na'vi River Journey,5,True
2026-08-01,08:19,Animal Kingdom,The Oasis,The Oasis Exhibits,0,True
2026-08-01,08:19,Animal Kingdom,The Oasis,Wilderness Explorers,0,False
2026-08-01,08:25,Magic Kingdom,Adventureland,A Pirate's Adventure ~ Treasures of the Seven Seas,0,False
2026-08-01,08:25,Magic Kingdom,Adventureland,Jungle Cruise,0,False
2026-08-01,08:25,Magic Kingdom,Adventureland,Pirates of the Caribbean,0,False
2026-08-01,08:25,Magic Kingdom,Adventureland,Swiss Family Treehouse,0,False
2026-08-01,08:25,Magic Kingdom,Adventureland,The Magic Carpets of Aladdin,0,False
2026-08-01,08:25,Magic Kingdom,Adventureland,Walt Disney's Enchanted Tiki Room,0,False
2026-08-01,08:25,Magic Kingdom,Fantasyland,it's a small world,0,False
2026-08-01,08:25,Magic Kingdom,Fantasyland,Casey Jr. Splash 'N' Soak Station,0,False
2026-08-01,08:25,Magic Kingdom,Fantasyland,Cinderella Castle,0,False
2026-08-01,08:25,Magic Kingdom,Fantasyland,Dumbo the Flying Elephant,0,False
2026-08-01,08:25,Magic Kingdom,Fantasyland,Enchanted Tales with Belle,0,False
2026-08-01,08:25,Magic Kingdom,Fantasyland,Mad Tea Party,0,False
2026-08-01,08:25,Magic Kingdom,Fantasyland,Meet Ariel at Her Grotto,0,False
2026-08-01,08:25,Magic Kingdom,Fantasyland,Meet Cinderella and a Visiting Princess at Princess Fairytale Hall,0,False
2026-08-01,08:25,Magic Kingdom,Fantasyland,Meet Daring Disney Pals as Circus Stars at Pete's Silly Sideshow,0,False
2026-08-01,08:25,Magic Kingdom,Fantasyland,Meet Dashing Disney Pals as Circus Stars at Pete's Silly Sideshow,0,False
2026-08-01,08:25,Magic Kingdom,Fantasyland,Meet Princess Tiana and a Visiting Princess at Princess Fairytale Hall,0,False
2026-08-01,08:25,Magic Kingdom,Fantasyland,Mickey's PhilharMagic,0,False
2026-08-01,08:25,Magic Kingdom,Fantasyland,Peter Pan's Flight,0,False
2026-08-01,08:25,Magic Kingdom,Fantasyland,Prince Charming Regal Carrousel,0,False
2026-08-01,08:25,Magic Kingdom,Fantasyland,Seven Dwarfs Mine Train,0,False
2026-08-01,08:25,Magic Kingdom,Fantasyland,The Barnstormer,0,False
2026-08-01,08:25,Magic Kingdom,Fantasyland,The Many Adventures of Winnie the Pooh,0,False
2026-08-01,08:25,Magic Kingdom,Fantasyland,Under the Sea - Journey of The Little Mermaid,0,False
2026-08-01,08:25,Magic Kingdom,Fantasyland,Walt Disney World Railroad - Fantasyland,0,False
2026-08-01,08:25,Magic Kingdom,Frontierland,Big Thunder Mountain Railroad,0,False
2026-08-01,08:25,Magic Kingdom,Frontierland,Country Bear Musical Jamboree,0,False
2026-08-01,08:25,Magic Kingdom,Frontierland,Tiana's Bayou Adventure,0,False
2026-08-01,08:25,Magic Kingdom,Liberty Square,Haunted Mansion,0,False
2026-08-01,08:25,Magic Kingdom,Liberty Square,The Hall of Presidents,0,False
2026-08-01,08:25,Magic Kingdom,"Main Street, U.S.A.",Main Street Vehicles,0,False
2026-08-01,08:25,Magic Kingdom,"Main Street, U.S.A.",Meet Mickey at Town Square Theater,0,False
2026-08-01,08:25,Magic Kingdom,"Main Street, U.S.A.","Walt Disney World Railroad - Main Street, U.S.A.",0,False
2026-08-01,08:25,Magic Kingdom,Tomorrowland,Astro Orbiter,0,False
2026-08-01,08:25,Magic Kingdom,Tomorrowland,Buzz Lightyear’s Space Ranger Spin,0,False
2026-08-01,08:25,Magic Kingdom,Tomorrowland,"Monsters, Inc. Laugh Floor",0,False
2026-08-01,08:25,Magic Kingdom,Tomorrowland,Space Mountain,0,False
2026-08-01,08:25,Magic Kingdom,Tomorrowland,Tomorrowland Speedway,0,False
2026-08-01,08:25,Magic Kingdom,Tomorrowland,Tomorrowland Transit Authority PeopleMover,0,False
2026-08-01,08:25,Magic Kingdom,Tomorrowland,TRON Lightcycle / Run,0,False
2026-08-01,08:25,Magic Kingdom,Tomorrowland,Walt Disney's Carousel of Progress,0,False
2026-08-01,08:25,EPCOT,World Celebration,Disney and Pixar Short Film Festival,0,False
2026-08-01,08:25,EPCOT,World Celebration,Journey Into Imagination With Figment,0,False
2026-08-01,08:25,EPCOT,World Celebration,Meet Beloved Disney Pals at Mickey & Friends,0,False
2026-08-01,08:25,EPCOT,World Celebration,Spaceship Earth,0,False
2026-08-01,08:25,EPCOT,World Discovery,Guardians of the Galaxy: Cosmic Rewind,0,False
2026-08-01,08:25,EPCOT,World Discovery,Mission: SPACE,0,False
2026-08-01,08:25,EPCOT,World Discovery,Test Track,0,False
2026-08-01,08:25,EPCOT,World Discovery,Test Track Presented by Chevrolet Single Rider,0,False
2026-08-01,08:25,EPCOT,World Nature,Awesome Planet,0,False
2026-08-01,08:25,EPCOT,World Nature,"Journey of Water, Inspired by Moana",0,False
2026-08-01,08:25,EPCOT,World Nature,Living with the Land,0,False
2026-08-01,08:25,EPCOT,World Nature,SeaBase Aquarium,0,False
2026-08-01,08:25,EPCOT,World Nature,Soarin' Across America,0,False
2026-08-01,08:25,EPCOT,World Nature,The Seas with Nemo & Friends,0,False
2026-08-01,08:25,EPCOT,World Nature,Turtle Talk With Crush,0,False
2026-08-01,08:25,EPCOT,World Showcase,Canada Far and Wide in Circle-Vision 360,0,False
2026-08-01,08:25,EPCOT,World Showcase,Frozen Ever After,0,False
2026-08-01,08:25,EPCOT,World Showcase,Gran Fiesta Tour Starring The Three Caballeros,0,False
2026-08-01,08:25,EPCOT,World Showcase,Meet Anna and Elsa at Royal Sommerhus,0,False
2026-08-01,08:25,EPCOT,World Showcase,Remy's Ratatouille Adventure,0,False
2026-08-01,08:25,EPCOT,World Showcase,Remy's Ratatouille Adventure Single Rider,0,False
2026-08-01,08:25,Hollywood Studios,Animation Courtyard,Disney Jr. Mickey Mouse Clubhouse Live!,0,True
2026-08-01,08:25,Hollywood Studios,Animation Courtyard,Meet Ariel at Walt Disney Presents,0,False
2026-08-01,08:25,Hollywood Studios,Animation Courtyard,The Little Mermaid – A Musical Adventure,0,True
2026-08-01,08:25,Hollywood Studios,Animation Courtyard,Walt Disney Presents,0,False
2026-08-01,08:25,Hollywood Studios,Commissary Lane,Meet Disney Stars at Red Carpet Dreams,0,False
2026-08-01,08:25,Hollywood Studios,Echo Lake,For the First Time in Forever: A Frozen Sing-Along Celebration,0,True
2026-08-01,08:25,Hollywood Studios,Echo Lake,Indiana Jones™ Epic Stunt Spectacular!,0,True
2026-08-01,08:25,Hollywood Studios,Echo Lake,Meet Olaf at Celebrity Spotlight,0,False
2026-08-01,08:25,Hollywood Studios,Echo Lake,Star Tours – The Adventures Continue,0,False
2026-08-01,08:25,Hollywood Studios,Echo Lake,Vacation Fun - An Original Animated Short with Mickey & Minnie,0,False
2026-08-01,08:25,Hollywood Studios,Hollywood Boulevard,Mickey & Minnie's Runaway Railway,0,False
2026-08-01,08:25,Hollywood Studios,Pixar Plaza,Meet Edna Mode at the Edna Mode Experience,0,False
2026-08-01,08:25,Hollywood Studios,Pixar Plaza,Toy Story Mania!,0,False
2026-08-01,08:25,Hollywood Studios,Star Wars: Galaxy's Edge,Millennium Falcon: Smugglers Run,0,False
2026-08-01,08:25,Hollywood Studios,Star Wars: Galaxy's Edge,Millennium Falcon: Smugglers Run Single Rider,0,False
2026-08-01,08:25,Hollywood Studios,Star Wars: Galaxy's Edge,Star Wars: Rise of the Resistance,0,False
2026-08-01,08:25,Hollywood Studios,Star Wars: Galaxy's Edge,Star Wars: Rise of the Resistance Single Rider,0,False
2026-08-01,08:25,Hollywood Studios,Sunset Boulevard,Beauty and the Beast – Live on Stage,0,True
2026-08-01,08:25,Hollywood Studios,Sunset Boulevard,Rock 'n' Roller Coaster Starring Aerosmith Single Rider,0,False
2026-08-01,08:25,Hollywood Studios,Sunset Boulevard,Rock ’n’ Roller Coaster Starring The Muppets,0,False
2026-08-01,08:25,Hollywood Studios,Sunset Boulevard,The Twilight Zone™ Tower of Terror,0,False
2026-08-01,08:25,Hollywood Studios,Toy Story Land,Alien Swirling Saucers,0,False
2026-08-01,08:25,Hollywood Studios,Toy Story Land,Slinky Dog Dash,0,False
2026-08-01,08:25,Animal Kingdom,Africa,Festival of the Lion King,0,True
2026-08-01,08:25,Animal Kingdom,Africa,Gorilla Falls Exploration Trail,5,True
2026-08-01,08:25,Animal Kingdom,Africa,Kilimanjaro Safaris,0,True
2026-08-01,08:25,Animal Kingdom,Africa,Wildlife Express Train,5,True
2026-08-01,08:25,Animal Kingdom,Asia,Expedition Everest - Legend of the Forbidden Mountain,10,True
2026-08-01,08:25,Animal Kingdom,Asia,Expedition Everest - Legend of the Forbidden Mountain Single Rider,0,True
2026-08-01,08:25,Animal Kingdom,Asia,Feathered Friends in Flight!,0,True
2026-08-01,08:25,Animal Kingdom,Asia,Kali River Rapids,0,False
2026-08-01,08:25,Animal Kingdom,Conservation Station,Animal Care at Conservation Station,0,True
2026-08-01,08:25,Animal Kingdom,Conservation Station,Bluey's Wild World at Conservation Station,0,False
2026-08-01,08:25,Animal Kingdom,Dinoland U.S.A,Finding Nemo: The Big Blue... and Beyond!,0,True
2026-08-01,08:25,Animal Kingdom,Discovery Island,Discovery Island Trails,0,True
2026-08-01,08:25,Animal Kingdom,Discovery Island,Meet Favorite Disney Pals at Adventurers Outpost,25,True
2026-08-01,08:25,Animal Kingdom,Discovery Island,Meet Moana at Character Landing,0,False
2026-08-01,08:25,Animal Kingdom,Discovery Island,Tree of Life,0,True
2026-08-01,08:25,Animal Kingdom,Discovery Island,Zootopia: Better Zoogether!,10,True
2026-08-01,08:25,Animal Kingdom,Pandora - The World of Avatar,Avatar Flight of Passage,85,True
2026-08-01,08:25,Animal Kingdom,Pandora - The World of Avatar,Na'vi River Journey,25,True
2026-08-01,08:25,Animal Kingdom,The Oasis,The Oasis Exhibits,0,True
2026-08-01,08:25,Animal Kingdom,The Oasis,Wilderness Explorers,0,False
2026-08-01,08:30,Magic Kingdom,Adventureland,A Pirate's Adventure ~ Treasures of the Seven Seas,0,False
2026-08-01,08:30,Magic Kingdom,Adventureland,Jungle Cruise,0,False
2026-08-01,08:30,Magic Kingdom,Adventureland,Pirates of the Caribbean,0,False
2026-08-01,08:30,Magic Kingdom,Adventureland,Swiss Family Treehouse,0,False
2026-08-01,08:30,Magic Kingdom,Adventureland,The Magic Carpets of Aladdin,0,False
2026-08-01,08:30,Magic Kingdom,Adventureland,Walt Disney's Enchanted Tiki Room,0,False
2026-08-01,08:30,Magic Kingdom,Fantasyland,it's a small world,0,False
2026-08-01,08:30,Magic Kingdom,Fantasyland,Casey Jr. Splash 'N' Soak Station,0,False
2026-08-01,08:30,Magic Kingdom,Fantasyland,Cinderella Castle,0,False
2026-08-01,08:30,Magic Kingdom,Fantasyland,Dumbo the Flying Elephant,0,False
2026-08-01,08:30,Magic Kingdom,Fantasyland,Enchanted Tales with Belle,0,False
2026-08-01,08:30,Magic Kingdom,Fantasyland,Mad Tea Party,0,False
2026-08-01,08:30,Magic Kingdom,Fantasyland,Meet Ariel at Her Grotto,0,False
2026-08-01,08:30,Magic Kingdom,Fantasyland,Meet Cinderella and a Visiting Princess at Princess Fairytale Hall,0,False
2026-08-01,08:30,Magic Kingdom,Fantasyland,Meet Daring Disney Pals as Circus Stars at Pete's Silly Sideshow,0,False
2026-08-01,08:30,Magic Kingdom,Fantasyland,Meet Dashing Disney Pals as Circus Stars at Pete's Silly Sideshow,0,False
2026-08-01,08:30,Magic Kingdom,Fantasyland,Meet Princess Tiana and a Visiting Princess at Princess Fairytale Hall,0,False
2026-08-01,08:30,Magic Kingdom,Fantasyland,Mickey's PhilharMagic,0,False
2026-08-01,08:30,Magic Kingdom,Fantasyland,Peter Pan's Flight,0,False
2026-08-01,08:30,Magic Kingdom,Fantasyland,Prince Charming Regal Carrousel,0,False
2026-08-01,08:30,Magic Kingdom,Fantasyland,Seven Dwarfs Mine Train,0,False
2026-08-01,08:30,Magic Kingdom,Fantasyland,The Barnstormer,0,False
2026-08-01,08:30,Magic Kingdom,Fantasyland,The Many Adventures of Winnie the Pooh,0,False
2026-08-01,08:30,Magic Kingdom,Fantasyland,Under the Sea - Journey of The Little Mermaid,0,False
2026-08-01,08:30,Magic Kingdom,Fantasyland,Walt Disney World Railroad - Fantasyland,0,False
2026-08-01,08:30,Magic Kingdom,Frontierland,Big Thunder Mountain Railroad,0,False
2026-08-01,08:30,Magic Kingdom,Frontierland,Country Bear Musical Jamboree,0,False
2026-08-01,08:30,Magic Kingdom,Frontierland,Tiana's Bayou Adventure,0,False
2026-08-01,08:30,Magic Kingdom,Liberty Square,Haunted Mansion,0,False
2026-08-01,08:30,Magic Kingdom,Liberty Square,The Hall of Presidents,0,False
2026-08-01,08:30,Magic Kingdom,"Main Street, U.S.A.",Main Street Vehicles,0,False
2026-08-01,08:30,Magic Kingdom,"Main Street, U.S.A.",Meet Mickey at Town Square Theater,0,False
2026-08-01,08:30,Magic Kingdom,"Main Street, U.S.A.","Walt Disney World Railroad - Main Street, U.S.A.",0,False
2026-08-01,08:30,Magic Kingdom,Tomorrowland,Astro Orbiter,0,False
2026-08-01,08:30,Magic Kingdom,Tomorrowland,Buzz Lightyear’s Space Ranger Spin,0,False
2026-08-01,08:30,Magic Kingdom,Tomorrowland,"Monsters, Inc. Laugh Floor",0,False
2026-08-01,08:30,Magic Kingdom,Tomorrowland,Space Mountain,0,False
2026-08-01,08:30,Magic Kingdom,Tomorrowland,Tomorrowland Speedway,0,False
2026-08-01,08:30,Magic Kingdom,Tomorrowland,Tomorrowland Transit Authority PeopleMover,0,False
2026-08-01,08:30,Magic Kingdom,Tomorrowland,TRON Lightcycle / Run,0,False
2026-08-01,08:30,Magic Kingdom,Tomorrowland,Walt Disney's Carousel of Progress,0,False
2026-08-01,08:30,EPCOT,World Celebration,Disney and Pixar Short Film Festival,0,False
2026-08-01,08:30,EPCOT,World Celebration,Journey Into Imagination With Figment,0,False
2026-08-01,08:30,EPCOT,World Celebration,Meet Beloved Disney Pals at Mickey & Friends,0,False
2026-08-01,08:30,EPCOT,World Celebration,Spaceship Earth,0,False
2026-08-01,08:30,EPCOT,World Discovery,Guardians of the Galaxy: Cosmic Rewind,0,False
2026-08-01,08:30,EPCOT,World Discovery,Mission: SPACE,0,False
2026-08-01,08:30,EPCOT,World Discovery,Test Track,0,False
2026-08-01,08:30,EPCOT,World Discovery,Test Track Presented by Chevrolet Single Rider,0,False
2026-08-01,08:30,EPCOT,World Nature,Awesome Planet,0,False
2026-08-01,08:30,EPCOT,World Nature,"Journey of Water, Inspired by Moana",0,False
2026-08-01,08:30,EPCOT,World Nature,Living with the Land,0,False
2026-08-01,08:30,EPCOT,World Nature,SeaBase Aquarium,0,False
2026-08-01,08:30,EPCOT,World Nature,Soarin' Across America,0,False
2026-08-01,08:30,EPCOT,World Nature,The Seas with Nemo & Friends,0,False
2026-08-01,08:30,EPCOT,World Nature,Turtle Talk With Crush,0,False
2026-08-01,08:30,EPCOT,World Showcase,Canada Far and Wide in Circle-Vision 360,0,False
2026-08-01,08:30,EPCOT,World Showcase,Frozen Ever After,0,False
2026-08-01,08:30,EPCOT,World Showcase,Gran Fiesta Tour Starring The Three Caballeros,0,False
2026-08-01,08:30,EPCOT,World Showcase,Meet Anna and Elsa at Royal Sommerhus,0,False
2026-08-01,08:30,EPCOT,World Showcase,Remy's Ratatouille Adventure,0,False
2026-08-01,08:30,EPCOT,World Showcase,Remy's Ratatouille Adventure Single Rider,0,False
2026-08-01,08:30,Hollywood Studios,Animation Courtyard,Disney Jr. Mickey Mouse Clubhouse Live!,0,True
2026-08-01,08:30,Hollywood Studios,Animation Courtyard,Meet Ariel at Walt Disney Presents,0,False
2026-08-01,08:30,Hollywood Studios,Animation Courtyard,The Little Mermaid – A Musical Adventure,0,True
2026-08-01,08:30,Hollywood Studios,Animation Courtyard,Walt Disney Presents,0,False
2026-08-01,08:30,Hollywood Studios,Commissary Lane,Meet Disney Stars at Red Carpet Dreams,0,False
2026-08-01,08:30,Hollywood Studios,Echo Lake,For the First Time in Forever: A Frozen Sing-Along Celebration,0,True
2026-08-01,08:30,Hollywood Studios,Echo Lake,Indiana Jones™ Epic Stunt Spectacular!,0,True
2026-08-01,08:30,Hollywood Studios,Echo Lake,Meet Olaf at Celebrity Spotlight,0,False
2026-08-01,08:30,Hollywood Studios,Echo Lake,Star Tours – The Adventures Continue,0,False
2026-08-01,08:30,Hollywood Studios,Echo Lake,Vacation Fun - An Original Animated Short with Mickey & Minnie,0,False
2026-08-01,08:30,Hollywood Studios,Hollywood Boulevard,Mickey & Minnie's Runaway Railway,0,False
2026-08-01,08:30,Hollywood Studios,Pixar Plaza,Meet Edna Mode at the Edna Mode Experience,0,False
2026-08-01,08:30,Hollywood Studios,Pixar Plaza,Toy Story Mania!,0,False
2026-08-01,08:30,Hollywood Studios,Star Wars: Galaxy's Edge,Millennium Falcon: Smugglers Run,0,False
2026-08-01,08:30,Hollywood Studios,Star Wars: Galaxy's Edge,Millennium Falcon: Smugglers Run Single Rider,0,False
2026-08-01,08:30,Hollywood Studios,Star Wars: Galaxy's Edge,Star Wars: Rise of the Resistance,0,False
2026-08-01,08:30,Hollywood Studios,Star Wars: Galaxy's Edge,Star Wars: Rise of the Resistance Single Rider,0,False
2026-08-01,08:30,Hollywood Studios,Sunset Boulevard,Beauty and the Beast – Live on Stage,0,True
2026-08-01,08:30,Hollywood Studios,Sunset Boulevard,Rock 'n' Roller Coaster Starring Aerosmith Single Rider,0,False
2026-08-01,08:30,Hollywood Studios,Sunset Boulevard,Rock ’n’ Roller Coaster Starring The Muppets,0,False
2026-08-01,08:30,Hollywood Studios,Sunset Boulevard,The Twilight Zone™ Tower of Terror,0,False
2026-08-01,08:30,Hollywood Studios,Toy Story Land,Alien Swirling Saucers,0,False
2026-08-01,08:30,Hollywood Studios,Toy Story Land,Slinky Dog Dash,0,False
2026-08-01,08:30,Animal Kingdom,Africa,Festival of the Lion King,0,True
2026-08-01,08:30,Animal Kingdom,Africa,Gorilla Falls Exploration Trail,5,True
2026-08-01,08:30,Animal Kingdom,Africa,Kilimanjaro Safaris,0,False
2026-08-01,08:30,Animal Kingdom,Africa,Wildlife Express Train,5,True
2026-08-01,08:30,Animal Kingdom,Asia,Expedition Everest - Legend of the Forbidden Mountain,10,True
2026-08-01,08:30,Animal Kingdom,Asia,Expedition Everest - Legend of the Forbidden Mountain Single Rider,0,True
2026-08-01,08:30,Animal Kingdom,Asia,Feathered Friends in Flight!,0,True
2026-08-01,08:30,Animal Kingdom,Asia,Kali River Rapids,0,False
2026-08-01,08:30,Animal Kingdom,Conservation Station,Animal Care at Conservation Station,0,True
2026-08-01,08:30,Animal Kingdom,Conservation Station,Bluey's Wild World at Conservation Station,0,False
2026-08-01,08:30,Animal Kingdom,Dinoland U.S.A,Finding Nemo: The Big Blue... and Beyond!,0,True
2026-08-01,08:30,Animal Kingdom,Discovery Island,Discovery Island Trails,0,True
2026-08-01,08:30,Animal Kingdom,Discovery Island,Meet Favorite Disney Pals at Adventurers Outpost,25,True
2026-08-01,08:30,Animal Kingdom,Discovery Island,Meet Moana at Character Landing,0,False
2026-08-01,08:30,Animal Kingdom,Discovery Island,Tree of Life,0,True
2026-08-01,08:30,Animal Kingdom,Discovery Island,Zootopia: Better Zoogether!,10,True
2026-08-01,08:30,Animal Kingdom,Pandora - The World of Avatar,Avatar Flight of Passage,90,True
2026-08-01,08:30,Animal Kingdom,Pandora - The World of Avatar,Na'vi River Journey,25,True
2026-08-01,08:30,Animal Kingdom,The Oasis,The Oasis Exhibits,0,True
2026-08-01,08:30,Animal Kingdom,The Oasis,Wilderness Explorers,0,False
2026-08-01,08:35,Magic Kingdom,Adventureland,A Pirate's Adventure ~ Treasures of the Seven Seas,0,False
2026-08-01,08:35,Magic Kingdom,Adventureland,Jungle Cruise,0,False
2026-08-01,08:35,Magic Kingdom,Adventureland,Pirates of the Caribbean,0,False
2026-08-01,08:35,Magic Kingdom,Adventureland,Swiss Family Treehouse,0,False
2026-08-01,08:35,Magic Kingdom,Adventureland,The Magic Carpets of Aladdin,0,False
2026-08-01,08:35,Magic Kingdom,Adventureland,Walt Disney's Enchanted Tiki Room,0,False
2026-08-01,08:35,Magic Kingdom,Fantasyland,it's a small world,0,False
2026-08-01,08:35,Magic Kingdom,Fantasyland,Casey Jr. Splash 'N' Soak Station,0,False
2026-08-01,08:35,Magic Kingdom,Fantasyland,Cinderella Castle,0,False
2026-08-01,08:35,Magic Kingdom,Fantasyland,Dumbo the Flying Elephant,0,False
2026-08-01,08:35,Magic Kingdom,Fantasyland,Enchanted Tales with Belle,0,False
2026-08-01,08:35,Magic Kingdom,Fantasyland,Mad Tea Party,0,False
2026-08-01,08:35,Magic Kingdom,Fantasyland,Meet Ariel at Her Grotto,0,False
2026-08-01,08:35,Magic Kingdom,Fantasyland,Meet Cinderella and a Visiting Princess at Princess Fairytale Hall,0,False
2026-08-01,08:35,Magic Kingdom,Fantasyland,Meet Daring Disney Pals as Circus Stars at Pete's Silly Sideshow,0,False
2026-08-01,08:35,Magic Kingdom,Fantasyland,Meet Dashing Disney Pals as Circus Stars at Pete's Silly Sideshow,0,False
2026-08-01,08:35,Magic Kingdom,Fantasyland,Meet Princess Tiana and a Visiting Princess at Princess Fairytale Hall,0,False
2026-08-01,08:35,Magic Kingdom,Fantasyland,Mickey's PhilharMagic,0,False
2026-08-01,08:35,Magic Kingdom,Fantasyland,Peter Pan's Flight,0,False
2026-08-01,08:35,Magic Kingdom,Fantasyland,Prince Charming Regal Carrousel,0,False
2026-08-01,08:35,Magic Kingdom,Fantasyland,Seven Dwarfs Mine Train,0,False
2026-08-01,08:35,Magic Kingdom,Fantasyland,The Barnstormer,0,False
2026-08-01,08:35,Magic Kingdom,Fantasyland,The Many Adventures of Winnie the Pooh,0,False
2026-08-01,08:35,Magic Kingdom,Fantasyland,Under the Sea - Journey of The Little Mermaid,0,False
2026-08-01,08:35,Magic Kingdom,Fantasyland,Walt Disney World Railroad - Fantasyland,0,False
2026-08-01,08:35,Magic Kingdom,Frontierland,Big Thunder Mountain Railroad,0,False
2026-08-01,08:35,Magic Kingdom,Frontierland,Country Bear Musical Jamboree,0,False
2026-08-01,08:35,Magic Kingdom,Frontierland,Tiana's Bayou Adventure,0,False
2026-08-01,08:35,Magic Kingdom,Liberty Square,Haunted Mansion,0,False
2026-08-01,08:35,Magic Kingdom,Liberty Square,The Hall of Presidents,0,False
2026-08-01,08:35,Magic Kingdom,"Main Street, U.S.A.",Main Street Vehicles,0,False
2026-08-01,08:35,Magic Kingdom,"Main Street, U.S.A.",Meet Mickey at Town Square Theater,0,False
2026-08-01,08:35,Magic Kingdom,"Main Street, U.S.A.","Walt Disney World Railroad - Main Street, U.S.A.",0,False
2026-08-01,08:35,Magic Kingdom,Tomorrowland,Astro Orbiter,0,False
2026-08-01,08:35,Magic Kingdom,Tomorrowland,Buzz Lightyear’s Space Ranger Spin,0,False
2026-08-01,08:35,Magic Kingdom,Tomorrowland,"Monsters, Inc. Laugh Floor",0,False
2026-08-01,08:35,Magic Kingdom,Tomorrowland,Space Mountain,0,False
2026-08-01,08:35,Magic Kingdom,Tomorrowland,Tomorrowland Speedway,0,False
2026-08-01,08:35,Magic Kingdom,Tomorrowland,Tomorrowland Transit Authority PeopleMover,0,False
2026-08-01,08:35,Magic Kingdom,Tomorrowland,TRON Lightcycle / Run,0,False
2026-08-01,08:35,Magic Kingdom,Tomorrowland,Walt Disney's Carousel of Progress,0,False
2026-08-01,08:35,EPCOT,World Celebration,Disney and Pixar Short Film Festival,0,False
2026-08-01,08:35,EPCOT,World Celebration,Journey Into Imagination With Figment,0,False
2026-08-01,08:35,EPCOT,World Celebration,Meet Beloved Disney Pals at Mickey & Friends,0,False
2026-08-01,08:35,EPCOT,World Celebration,Spaceship Earth,0,False
2026-08-01,08:35,EPCOT,World Discovery,Guardians of the Galaxy: Cosmic Rewind,0,False
2026-08-01,08:35,EPCOT,World Discovery,Mission: SPACE,0,False
2026-08-01,08:35,EPCOT,World Discovery,Test Track,0,False
2026-08-01,08:35,EPCOT,World Discovery,Test Track Presented by Chevrolet Single Rider,0,False
2026-08-01,08:35,EPCOT,World Nature,Awesome Planet,0,False
2026-08-01,08:35,EPCOT,World Nature,"Journey of Water, Inspired by Moana",0,False
2026-08-01,08:35,EPCOT,World Nature,Living with the Land,0,False
2026-08-01,08:35,EPCOT,World Nature,SeaBase Aquarium,0,True
2026-08-01,08:35,EPCOT,World Nature,Soarin' Across America,0,False
2026-08-01,08:35,EPCOT,World Nature,The Seas with Nemo & Friends,0,False
2026-08-01,08:35,EPCOT,World Nature,Turtle Talk With Crush,0,False
2026-08-01,08:35,EPCOT,World Showcase,Canada Far and Wide in Circle-Vision 360,0,False
2026-08-01,08:35,EPCOT,World Showcase,Frozen Ever After,0,False
2026-08-01,08:35,EPCOT,World Showcase,Gran Fiesta Tour Starring The Three Caballeros,0,False
2026-08-01,08:35,EPCOT,World Showcase,Meet Anna and Elsa at Royal Sommerhus,0,False
2026-08-01,08:35,EPCOT,World Showcase,Remy's Ratatouille Adventure,0,False
2026-08-01,08:35,EPCOT,World Showcase,Remy's Ratatouille Adventure Single Rider,0,False
2026-08-01,08:35,Hollywood Studios,Animation Courtyard,Disney Jr. Mickey Mouse Clubhouse Live!,0,True
2026-08-01,08:35,Hollywood Studios,Animation Courtyard,Meet Ariel at Walt Disney Presents,0,False
2026-08-01,08:35,Hollywood Studios,Animation Courtyard,The Little Mermaid – A Musical Adventure,0,True
2026-08-01,08:35,Hollywood Studios,Animation Courtyard,Walt Disney Presents,0,False
2026-08-01,08:35,Hollywood Studios,Commissary Lane,Meet Disney Stars at Red Carpet Dreams,0,False
2026-08-01,08:35,Hollywood Studios,Echo Lake,For the First Time in Forever: A Frozen Sing-Along Celebration,0,True
2026-08-01,08:35,Hollywood Studios,Echo Lake,Indiana Jones™ Epic Stunt Spectacular!,0,True
2026-08-01,08:35,Hollywood Studios,Echo Lake,Meet Olaf at Celebrity Spotlight,0,False
2026-08-01,08:35,Hollywood Studios,Echo Lake,Star Tours – The Adventures Continue,0,False
2026-08-01,08:35,Hollywood Studios,Echo Lake,Vacation Fun - An Original Animated Short with Mickey & Minnie,0,False
2026-08-01,08:35,Hollywood Studios,Hollywood Boulevard,Mickey & Minnie's Runaway Railway,0,False
2026-08-01,08:35,Hollywood Studios,Pixar Plaza,Meet Edna Mode at the Edna Mode Experience,0,False
2026-08-01,08:35,Hollywood Studios,Pixar Plaza,Toy Story Mania!,0,False
2026-08-01,08:35,Hollywood Studios,Star Wars: Galaxy's Edge,Millennium Falcon: Smugglers Run,0,False
2026-08-01,08:35,Hollywood Studios,Star Wars: Galaxy's Edge,Millennium Falcon: Smugglers Run Single Rider,0,False
2026-08-01,08:35,Hollywood Studios,Star Wars: Galaxy's Edge,Star Wars: Rise of the Resistance,0,False
2026-08-01,08:35,Hollywood Studios,Star Wars: Galaxy's Edge,Star Wars: Rise of the Resistance Single Rider,0,False
2026-08-01,08:35,Hollywood Studios,Sunset Boulevard,Beauty and the Beast – Live on Stage,0,True
2026-08-01,08:35,Hollywood Studios,Sunset Boulevard,Rock 'n' Roller Coaster Starring Aerosmith Single Rider,0,False
2026-08-01,08:35,Hollywood Studios,Sunset Boulevard,Rock ’n’ Roller Coaster Starring The Muppets,0,False
2026-08-01,08:35,Hollywood Studios,Sunset Boulevard,The Twilight Zone™ Tower of Terror,0,False
2026-08-01,08:35,Hollywood Studios,Toy Story Land,Alien Swirling Saucers,0,False
2026-08-01,08:35,Hollywood Studios,Toy Story Land,Slinky Dog Dash,0,False
2026-08-01,08:35,Animal Kingdom,Africa,Festival of the Lion King,0,True
2026-08-01,08:35,Animal Kingdom,Africa,Gorilla Falls Exploration Trail,5,True
2026-08-01,08:35,Animal Kingdom,Africa,Kilimanjaro Safaris,0,False
2026-08-01,08:35,Animal Kingdom,Africa,Wildlife Express Train,5,True
2026-08-01,08:35,Animal Kingdom,Asia,Expedition Everest - Legend of the Forbidden Mountain,10,True
2026-08-01,08:35,Animal Kingdom,Asia,Expedition Everest - Legend of the Forbidden Mountain Single Rider,0,True
2026-08-01,08:35,Animal Kingdom,Asia,Feathered Friends in Flight!,0,True
2026-08-01,08:35,Animal Kingdom,Asia,Kali River Rapids,0,False
2026-08-01,08:35,Animal Kingdom,Conservation Station,Animal Care at Conservation Station,0,True
2026-08-01,08:35,Animal Kingdom,Conservation Station,Bluey's Wild World at Conservation Station,0,False
2026-08-01,08:35,Animal Kingdom,Dinoland U.S.A,Finding Nemo: The Big Blue... and Beyond!,0,True
2026-08-01,08:35,Animal Kingdom,Discovery Island,Discovery Island Trails,0,True
2026-08-01,08:35,Animal Kingdom,Discovery Island,Meet Favorite Disney Pals at Adventurers Outpost,25,True
2026-08-01,08:35,Animal Kingdom,Discovery Island,Meet Moana at Character Landing,0,False
2026-08-01,08:35,Animal Kingdom,Discovery Island,Tree of Life,0,True
2026-08-01,08:35,Animal Kingdom,Discovery Island,Zootopia: Better Zoogether!,10,True
2026-08-01,08:35,Animal Kingdom,Pandora - The World of Avatar,Avatar Flight of Passage,85,True
2026-08-01,08:35,Animal Kingdom,Pandora - The World of Avatar,Na'vi River Journey,35,True
2026-08-01,08:35,Animal Kingdom,The Oasis,The Oasis Exhibits,0,True
2026-08-01,08:35,Animal Kingdom,The Oasis,Wilderness Explorers,0,False
2026-08-01,08:40,Magic Kingdom,Adventureland,A Pirate's Adventure ~ Treasures of the Seven Seas,0,False
2026-08-01,08:40,Magic Kingdom,Adventureland,Jungle Cruise,0,False
2026-08-01,08:40,Magic Kingdom,Adventureland,Pirates of the Caribbean,0,False
2026-08-01,08:40,Magic Kingdom,Adventureland,Swiss Family Treehouse,0,False
2026-08-01,08:40,Magic Kingdom,Adventureland,The Magic Carpets of Aladdin,0,False
2026-08-01,08:40,Magic Kingdom,Adventureland,Walt Disney's Enchanted Tiki Room,0,False
2026-08-01,08:40,Magic Kingdom,Fantasyland,it's a small world,5,True
2026-08-01,08:40,Magic Kingdom,Fantasyland,Casey Jr. Splash 'N' Soak Station,0,False
2026-08-01,08:40,Magic Kingdom,Fantasyland,Cinderella Castle,0,False
2026-08-01,08:40,Magic Kingdom,Fantasyland,Dumbo the Flying Elephant,5,True
2026-08-01,08:40,Magic Kingdom,Fantasyland,Enchanted Tales with Belle,0,False
2026-08-01,08:40,Magic Kingdom,Fantasyland,Mad Tea Party,5,True
2026-08-01,08:40,Magic Kingdom,Fantasyland,Meet Ariel at Her Grotto,0,False
2026-08-01,08:40,Magic Kingdom,Fantasyland,Meet Cinderella and a Visiting Princess at Princess Fairytale Hall,0,False
2026-08-01,08:40,Magic Kingdom,Fantasyland,Meet Daring Disney Pals as Circus Stars at Pete's Silly Sideshow,0,False
2026-08-01,08:40,Magic Kingdom,Fantasyland,Meet Dashing Disney Pals as Circus Stars at Pete's Silly Sideshow,0,False
2026-08-01,08:40,Magic Kingdom,Fantasyland,Meet Princess Tiana and a Visiting Princess at Princess Fairytale Hall,0,False
2026-08-01,08:40,Magic Kingdom,Fantasyland,Mickey's PhilharMagic,0,False
2026-08-01,08:40,Magic Kingdom,Fantasyland,Peter Pan's Flight,35,True
2026-08-01,08:40,Magic Kingdom,Fantasyland,Prince Charming Regal Carrousel,0,True
2026-08-01,08:40,Magic Kingdom,Fantasyland,Seven Dwarfs Mine Train,45,True
2026-08-01,08:40,Magic Kingdom,Fantasyland,The Barnstormer,5,True
2026-08-01,08:40,Magic Kingdom,Fantasyland,The Many Adventures of Winnie the Pooh,5,True
2026-08-01,08:40,Magic Kingdom,Fantasyland,Under the Sea - Journey of The Little Mermaid,0,True
2026-08-01,08:40,Magic Kingdom,Fantasyland,Walt Disney World Railroad - Fantasyland,0,False
2026-08-01,08:40,Magic Kingdom,Frontierland,Big Thunder Mountain Railroad,0,False
2026-08-01,08:40,Magic Kingdom,Frontierland,Country Bear Musical Jamboree,0,False
2026-08-01,08:40,Magic Kingdom,Frontierland,Tiana's Bayou Adventure,0,False
2026-08-01,08:40,Magic Kingdom,Liberty Square,Haunted Mansion,0,False
2026-08-01,08:40,Magic Kingdom,Liberty Square,The Hall of Presidents,0,False
2026-08-01,08:40,Magic Kingdom,"Main Street, U.S.A.",Main Street Vehicles,0,False
2026-08-01,08:40,Magic Kingdom,"Main Street, U.S.A.",Meet Mickey at Town Square Theater,0,False
2026-08-01,08:40,Magic Kingdom,"Main Street, U.S.A.","Walt Disney World Railroad - Main Street, U.S.A.",0,False
2026-08-01,08:40,Magic Kingdom,Tomorrowland,Astro Orbiter,10,True
2026-08-01,08:40,Magic Kingdom,Tomorrowland,Buzz Lightyear’s Space Ranger Spin,5,True
2026-08-01,08:40,Magic Kingdom,Tomorrowland,"Monsters, Inc. Laugh Floor",0,False
2026-08-01,08:40,Magic Kingdom,Tomorrowland,Space Mountain,20,True
2026-08-01,08:40,Magic Kingdom,Tomorrowland,Tomorrowland Speedway,5,True
2026-08-01,08:40,Magic Kingdom,Tomorrowland,Tomorrowland Transit Authority PeopleMover,5,True
2026-08-01,08:40,Magic Kingdom,Tomorrowland,TRON Lightcycle / Run,0,False
2026-08-01,08:40,Magic Kingdom,Tomorrowland,Walt Disney's Carousel of Progress,0,False
2026-08-01,08:40,EPCOT,World Celebration,Disney and Pixar Short Film Festival,0,False
2026-08-01,08:40,EPCOT,World Celebration,Journey Into Imagination With Figment,0,False
2026-08-01,08:40,EPCOT,World Celebration,Meet Beloved Disney Pals at Mickey & Friends,0,False
2026-08-01,08:40,EPCOT,World Celebration,Spaceship Earth,5,True
2026-08-01,08:40,EPCOT,World Discovery,Guardians of the Galaxy: Cosmic Rewind,60,True
2026-08-01,08:40,EPCOT,World Discovery,Mission: SPACE,20,True
2026-08-01,08:40,EPCOT,World Discovery,Test Track,30,True
2026-08-01,08:40,EPCOT,World Discovery,Test Track Presented by Chevrolet Single Rider,0,True
2026-08-01,08:40,EPCOT,World Nature,Awesome Planet,0,False
2026-08-01,08:40,EPCOT,World Nature,"Journey of Water, Inspired by Moana",0,True
2026-08-01,08:40,EPCOT,World Nature,Living with the Land,0,False
2026-08-01,08:40,EPCOT,World Nature,SeaBase Aquarium,0,True
2026-08-01,08:40,EPCOT,World Nature,Soarin' Across America,10,True
2026-08-01,08:40,EPCOT,World Nature,The Seas with Nemo & Friends,5,True
2026-08-01,08:40,EPCOT,World Nature,Turtle Talk With Crush,0,False
2026-08-01,08:40,EPCOT,World Showcase,Canada Far and Wide in Circle-Vision 360,0,False
2026-08-01,08:40,EPCOT,World Showcase,Frozen Ever After,35,True
2026-08-01,08:40,EPCOT,World Showcase,Gran Fiesta Tour Starring The Three Caballeros,0,False
2026-08-01,08:40,EPCOT,World Showcase,Meet Anna and Elsa at Royal Sommerhus,0,False
2026-08-01,08:40,EPCOT,World Showcase,Remy's Ratatouille Adventure,45,True
2026-08-01,08:40,EPCOT,World Showcase,Remy's Ratatouille Adventure Single Rider,0,True
2026-08-01,08:40,Hollywood Studios,Animation Courtyard,Disney Jr. Mickey Mouse Clubhouse Live!,0,True
2026-08-01,08:40,Hollywood Studios,Animation Courtyard,Meet Ariel at Walt Disney Presents,0,False
2026-08-01,08:40,Hollywood Studios,Animation Courtyard,The Little Mermaid – A Musical Adventure,0,True
2026-08-01,08:40,Hollywood Studios,Animation Courtyard,Walt Disney Presents,0,False
2026-08-01,08:40,Hollywood Studios,Commissary Lane,Meet Disney Stars at Red Carpet Dreams,0,False
2026-08-01,08:40,Hollywood Studios,Echo Lake,For the First Time in Forever: A Frozen Sing-Along Celebration,0,True
2026-08-01,08:40,Hollywood Studios,Echo Lake,Indiana Jones™ Epic Stunt Spectacular!,0,True
2026-08-01,08:40,Hollywood Studios,Echo Lake,Meet Olaf at Celebrity Spotlight,0,False
2026-08-01,08:40,Hollywood Studios,Echo Lake,Star Tours – The Adventures Continue,5,True
2026-08-01,08:40,Hollywood Studios,Echo Lake,Vacation Fun - An Original Animated Short with Mickey & Minnie,0,False
2026-08-01,08:40,Hollywood Studios,Hollywood Boulevard,Mickey & Minnie's Runaway Railway,25,True
2026-08-01,08:40,Hollywood Studios,Pixar Plaza,Meet Edna Mode at the Edna Mode Experience,0,False
2026-08-01,08:40,Hollywood Studios,Pixar Plaza,Toy Story Mania!,0,True
2026-08-01,08:40,Hollywood Studios,Star Wars: Galaxy's Edge,Millennium Falcon: Smugglers Run,15,True
2026-08-01,08:40,Hollywood Studios,Star Wars: Galaxy's Edge,Millennium Falcon: Smugglers Run Single Rider,0,True
2026-08-01,08:40,Hollywood Studios,Star Wars: Galaxy's Edge,Star Wars: Rise of the Resistance,0,True
2026-08-01,08:40,Hollywood Studios,Star Wars: Galaxy's Edge,Star Wars: Rise of the Resistance Single Rider,0,True
2026-08-01,08:40,Hollywood Studios,Sunset Boulevard,Beauty and the Beast – Live on Stage,0,True
2026-08-01,08:40,Hollywood Studios,Sunset Boulevard,Rock 'n' Roller Coaster Starring Aerosmith Single Rider,0,True
2026-08-01,08:40,Hollywood Studios,Sunset Boulevard,Rock ’n’ Roller Coaster Starring The Muppets,0,True
2026-08-01,08:40,Hollywood Studios,Sunset Boulevard,The Twilight Zone™ Tower of Terror,0,True
2026-08-01,08:40,Hollywood Studios,Toy Story Land,Alien Swirling Saucers,5,True
2026-08-01,08:40,Hollywood Studios,Toy Story Land,Slinky Dog Dash,75,True
2026-08-01,08:40,Animal Kingdom,Africa,Festival of the Lion King,0,True
2026-08-01,08:40,Animal Kingdom,Africa,Gorilla Falls Exploration Trail,5,True
2026-08-01,08:40,Animal Kingdom,Africa,Kilimanjaro Safaris,0,False
2026-08-01,08:40,Animal Kingdom,Africa,Wildlife Express Train,5,True
2026-08-01,08:40,Animal Kingdom,Asia,Expedition Everest - Legend of the Forbidden Mountain,15,True
2026-08-01,08:40,Animal Kingdom,Asia,Expedition Everest - Legend of the Forbidden Mountain Single Rider,0,True
2026-08-01,08:40,Animal Kingdom,Asia,Feathered Friends in Flight!,0,True
2026-08-01,08:40,Animal Kingdom,Asia,Kali River Rapids,0,False
2026-08-01,08:40,Animal Kingdom,Conservation Station,Animal Care at Conservation Station,0,True
2026-08-01,08:40,Animal Kingdom,Conservation Station,Bluey's Wild World at Conservation Station,10,True
2026-08-01,08:40,Animal Kingdom,Dinoland U.S.A,Finding Nemo: The Big Blue... and Beyond!,0,True
2026-08-01,08:40,Animal Kingdom,Discovery Island,Discovery Island Trails,0,True
2026-08-01,08:40,Animal Kingdom,Discovery Island,Meet Favorite Disney Pals at Adventurers Outpost,20,True
2026-08-01,08:40,Animal Kingdom,Discovery Island,Meet Moana at Character Landing,0,True
2026-08-01,08:40,Animal Kingdom,Discovery Island,Tree of Life,0,True
2026-08-01,08:40,Animal Kingdom,Discovery Island,Zootopia: Better Zoogether!,10,True
2026-08-01,08:40,Animal Kingdom,Pandora - The World of Avatar,Avatar Flight of Passage,75,True
2026-08-01,08:40,Animal Kingdom,Pandora - The World of Avatar,Na'vi River Journey,45,True
2026-08-01,08:40,Animal Kingdom,The Oasis,The Oasis Exhibits,0,True
2026-08-01,08:40,Animal Kingdom,The Oasis,Wilderness Explorers,0,False
2026-08-01,08:45,Magic Kingdom,Adventureland,A Pirate's Adventure ~ Treasures of the Seven Seas,0,False
2026-08-01,08:45,Magic Kingdom,Adventureland,Jungle Cruise,0,False
2026-08-01,08:45,Magic Kingdom,Adventureland,Pirates of the Caribbean,0,False
2026-08-01,08:45,Magic Kingdom,Adventureland,Swiss Family Treehouse,0,False
2026-08-01,08:45,Magic Kingdom,Adventureland,The Magic Carpets of Aladdin,0,False
2026-08-01,08:45,Magic Kingdom,Adventureland,Walt Disney's Enchanted Tiki Room,0,False
2026-08-01,08:45,Magic Kingdom,Fantasyland,it's a small world,5,True
2026-08-01,08:45,Magic Kingdom,Fantasyland,Casey Jr. Splash 'N' Soak Station,0,False
2026-08-01,08:45,Magic Kingdom,Fantasyland,Cinderella Castle,0,False
2026-08-01,08:45,Magic Kingdom,Fantasyland,Dumbo the Flying Elephant,5,True
2026-08-01,08:45,Magic Kingdom,Fantasyland,Enchanted Tales with Belle,0,False
2026-08-01,08:45,Magic Kingdom,Fantasyland,Mad Tea Party,5,True
2026-08-01,08:45,Magic Kingdom,Fantasyland,Meet Ariel at Her Grotto,0,False
2026-08-01,08:45,Magic Kingdom,Fantasyland,Meet Cinderella and a Visiting Princess at Princess Fairytale Hall,0,False
2026-08-01,08:45,Magic Kingdom,Fantasyland,Meet Daring Disney Pals as Circus Stars at Pete's Silly Sideshow,0,False
2026-08-01,08:45,Magic Kingdom,Fantasyland,Meet Dashing Disney Pals as Circus Stars at Pete's Silly Sideshow,0,False
2026-08-01,08:45,Magic Kingdom,Fantasyland,Meet Princess Tiana and a Visiting Princess at Princess Fairytale Hall,0,False
2026-08-01,08:45,Magic Kingdom,Fantasyland,Mickey's PhilharMagic,0,False
2026-08-01,08:45,Magic Kingdom,Fantasyland,Peter Pan's Flight,35,True
2026-08-01,08:45,Magic Kingdom,Fantasyland,Prince Charming Regal Carrousel,0,True
2026-08-01,08:45,Magic Kingdom,Fantasyland,Seven Dwarfs Mine Train,45,True
2026-08-01,08:45,Magic Kingdom,Fantasyland,The Barnstormer,5,True
2026-08-01,08:45,Magic Kingdom,Fantasyland,The Many Adventures of Winnie the Pooh,5,True
2026-08-01,08:45,Magic Kingdom,Fantasyland,Under the Sea - Journey of The Little Mermaid,0,True
2026-08-01,08:45,Magic Kingdom,Fantasyland,Walt Disney World Railroad - Fantasyland,0,False
2026-08-01,08:45,Magic Kingdom,Frontierland,Big Thunder Mountain Railroad,0,False
2026-08-01,08:45,Magic Kingdom,Frontierland,Country Bear Musical Jamboree,0,False
2026-08-01,08:45,Magic Kingdom,Frontierland,Tiana's Bayou Adventure,0,False
2026-08-01,08:45,Magic Kingdom,Liberty Square,Haunted Mansion,0,False
2026-08-01,08:45,Magic Kingdom,Liberty Square,The Hall of Presidents,0,False
2026-08-01,08:45,Magic Kingdom,"Main Street, U.S.A.",Main Street Vehicles,0,False
2026-08-01,08:45,Magic Kingdom,"Main Street, U.S.A.",Meet Mickey at Town Square Theater,0,False
2026-08-01,08:45,Magic Kingdom,"Main Street, U.S.A.","Walt Disney World Railroad - Main Street, U.S.A.",0,False
2026-08-01,08:45,Magic Kingdom,Tomorrowland,Astro Orbiter,10,True
2026-08-01,08:45,Magic Kingdom,Tomorrowland,Buzz Lightyear’s Space Ranger Spin,5,True
2026-08-01,08:45,Magic Kingdom,Tomorrowland,"Monsters, Inc. Laugh Floor",0,False
2026-08-01,08:45,Magic Kingdom,Tomorrowland,Space Mountain,20,True
2026-08-01,08:45,Magic Kingdom,Tomorrowland,Tomorrowland Speedway,5,True
2026-08-01,08:45,Magic Kingdom,Tomorrowland,Tomorrowland Transit Authority PeopleMover,5,True
2026-08-01,08:45,Magic Kingdom,Tomorrowland,TRON Lightcycle / Run,0,False
2026-08-01,08:45,Magic Kingdom,Tomorrowland,Walt Disney's Carousel of Progress,0,False
2026-08-01,08:45,EPCOT,World Celebration,Disney and Pixar Short Film Festival,0,False
2026-08-01,08:45,EPCOT,World Celebration,Journey Into Imagination With Figment,0,False
2026-08-01,08:45,EPCOT,World Celebration,Meet Beloved Disney Pals at Mickey & Friends,0,False
2026-08-01,08:45,EPCOT,World Celebration,Spaceship Earth,5,True
2026-08-01,08:45,EPCOT,World Discovery,Guardians of the Galaxy: Cosmic Rewind,60,True
2026-08-01,08:45,EPCOT,World Discovery,Mission: SPACE,15,True
2026-08-01,08:45,EPCOT,World Discovery,Test Track,30,True
2026-08-01,08:45,EPCOT,World Discovery,Test Track Presented by Chevrolet Single Rider,0,True
2026-08-01,08:45,EPCOT,World Nature,Awesome Planet,0,False
2026-08-01,08:45,EPCOT,World Nature,"Journey of Water, Inspired by Moana",0,True
2026-08-01,08:45,EPCOT,World Nature,Living with the Land,0,False
2026-08-01,08:45,EPCOT,World Nature,SeaBase Aquarium,0,True
2026-08-01,08:45,EPCOT,World Nature,Soarin' Across America,10,True
2026-08-01,08:45,EPCOT,World Nature,The Seas with Nemo & Friends,5,True
2026-08-01,08:45,EPCOT,World Nature,Turtle Talk With Crush,0,False
2026-08-01,08:45,EPCOT,World Showcase,Canada Far and Wide in Circle-Vision 360,0,False
2026-08-01,08:45,EPCOT,World Showcase,Frozen Ever After,20,True
2026-08-01,08:45,EPCOT,World Showcase,Gran Fiesta Tour Starring The Three Caballeros,0,False
2026-08-01,08:45,EPCOT,World Showcase,Meet Anna and Elsa at Royal Sommerhus,0,False
2026-08-01,08:45,EPCOT,World Showcase,Remy's Ratatouille Adventure,45,True
2026-08-01,08:45,EPCOT,World Showcase,Remy's Ratatouille Adventure Single Rider,0,True
2026-08-01,08:45,Hollywood Studios,Animation Courtyard,Disney Jr. Mickey Mouse Clubhouse Live!,0,True
2026-08-01,08:45,Hollywood Studios,Animation Courtyard,Meet Ariel at Walt Disney Presents,0,False
2026-08-01,08:45,Hollywood Studios,Animation Courtyard,The Little Mermaid – A Musical Adventure,0,True
2026-08-01,08:45,Hollywood Studios,Animation Courtyard,Walt Disney Presents,0,False
2026-08-01,08:45,Hollywood Studios,Commissary Lane,Meet Disney Stars at Red Carpet Dreams,0,False
2026-08-01,08:45,Hollywood Studios,Echo Lake,For the First Time in Forever: A Frozen Sing-Along Celebration,0,True
2026-08-01,08:45,Hollywood Studios,Echo Lake,Indiana Jones™ Epic Stunt Spectacular!,0,True
2026-08-01,08:45,Hollywood Studios,Echo Lake,Meet Olaf at Celebrity Spotlight,0,False
2026-08-01,08:45,Hollywood Studios,Echo Lake,Star Tours – The Adventures Continue,5,True
2026-08-01,08:45,Hollywood Studios,Echo Lake,Vacation Fun - An Original Animated Short with Mickey & Minnie,0,False
2026-08-01,08:45,Hollywood Studios,Hollywood Boulevard,Mickey & Minnie's Runaway Railway,25,True
2026-08-01,08:45,Hollywood Studios,Pixar Plaza,Meet Edna Mode at the Edna Mode Experience,0,False
2026-08-01,08:45,Hollywood Studios,Pixar Plaza,Toy Story Mania!,0,False
2026-08-01,08:45,Hollywood Studios,Star Wars: Galaxy's Edge,Millennium Falcon: Smugglers Run,15,True
2026-08-01,08:45,Hollywood Studios,Star Wars: Galaxy's Edge,Millennium Falcon: Smugglers Run Single Rider,0,True
2026-08-01,08:45,Hollywood Studios,Star Wars: Galaxy's Edge,Star Wars: Rise of the Resistance,0,False
2026-08-01,08:45,Hollywood Studios,Star Wars: Galaxy's Edge,Star Wars: Rise of the Resistance Single Rider,0,False
2026-08-01,08:45,Hollywood Studios,Sunset Boulevard,Beauty and the Beast – Live on Stage,0,True
2026-08-01,08:45,Hollywood Studios,Sunset Boulevard,Rock 'n' Roller Coaster Starring Aerosmith Single Rider,0,True
2026-08-01,08:45,Hollywood Studios,Sunset Boulevard,Rock ’n’ Roller Coaster Starring The Muppets,0,True
2026-08-01,08:45,Hollywood Studios,Sunset Boulevard,The Twilight Zone™ Tower of Terror,0,True
2026-08-01,08:45,Hollywood Studios,Toy Story Land,Alien Swirling Saucers,10,True
2026-08-01,08:45,Hollywood Studios,Toy Story Land,Slinky Dog Dash,75,True
2026-08-01,08:45,Animal Kingdom,Africa,Festival of the Lion King,0,True
2026-08-01,08:45,Animal Kingdom,Africa,Gorilla Falls Exploration Trail,5,True
2026-08-01,08:45,Animal Kingdom,Africa,Kilimanjaro Safaris,0,False
2026-08-01,08:45,Animal Kingdom,Africa,Wildlife Express Train,5,True
2026-08-01,08:45,Animal Kingdom,Asia,Expedition Everest - Legend of the Forbidden Mountain,15,True
2026-08-01,08:45,Animal Kingdom,Asia,Expedition Everest - Legend of the Forbidden Mountain Single Rider,0,True
2026-08-01,08:45,Animal Kingdom,Asia,Feathered Friends in Flight!,0,True
2026-08-01,08:45,Animal Kingdom,Asia,Kali River Rapids,0,False
2026-08-01,08:45,Animal Kingdom,Conservation Station,Animal Care at Conservation Station,0,True
2026-08-01,08:45,Animal Kingdom,Conservation Station,Bluey's Wild World at Conservation Station,10,True
2026-08-01,08:45,Animal Kingdom,Dinoland U.S.A,Finding Nemo: The Big Blue... and Beyond!,0,True
2026-08-01,08:45,Animal Kingdom,Discovery Island,Discovery Island Trails,0,True
2026-08-01,08:45,Animal Kingdom,Discovery Island,Meet Favorite Disney Pals at Adventurers Outpost,20,True
2026-08-01,08:45,Animal Kingdom,Discovery Island,Meet Moana at Character Landing,0,True
2026-08-01,08:45,Animal Kingdom,Discovery Island,Tree of Life,0,True
2026-08-01,08:45,Animal Kingdom,Discovery Island,Zootopia: Better Zoogether!,10,True
2026-08-01,08:45,Animal Kingdom,Pandora - The World of Avatar,Avatar Flight of Passage,60,True
2026-08-01,08:45,Animal Kingdom,Pandora - The World of Avatar,Na'vi River Journey,45,True
2026-08-01,08:45,Animal Kingdom,The Oasis,The Oasis Exhibits,0,True
2026-08-01,08:45,Animal Kingdom,The Oasis,Wilderness Explorers,0,False
2026-08-01,08:50,Magic Kingdom,Adventureland,A Pirate's Adventure ~ Treasures of the Seven Seas,0,False
2026-08-01,08:50,Magic Kingdom,Adventureland,Jungle Cruise,0,False
2026-08-01,08:50,Magic Kingdom,Adventureland,Pirates of the Caribbean,0,False
2026-08-01,08:50,Magic Kingdom,Adventureland,Swiss Family Treehouse,0,False
2026-08-01,08:50,Magic Kingdom,Adventureland,The Magic Carpets of Aladdin,0,False
2026-08-01,08:50,Magic Kingdom,Adventureland,Walt Disney's Enchanted Tiki Room,0,False
2026-08-01,08:50,Magic Kingdom,Fantasyland,it's a small world,5,True
2026-08-01,08:50,Magic Kingdom,Fantasyland,Casey Jr. Splash 'N' Soak Station,0,False
2026-08-01,08:50,Magic Kingdom,Fantasyland,Cinderella Castle,0,False
2026-08-01,08:50,Magic Kingdom,Fantasyland,Dumbo the Flying Elephant,5,True
2026-08-01,08:50,Magic Kingdom,Fantasyland,Enchanted Tales with Belle,0,False
2026-08-01,08:50,Magic Kingdom,Fantasyland,Mad Tea Party,5,True
2026-08-01,08:50,Magic Kingdom,Fantasyland,Meet Ariel at Her Grotto,0,False
2026-08-01,08:50,Magic Kingdom,Fantasyland,Meet Cinderella and a Visiting Princess at Princess Fairytale Hall,0,False
2026-08-01,08:50,Magic Kingdom,Fantasyland,Meet Daring Disney Pals as Circus Stars at Pete's Silly Sideshow,0,False
2026-08-01,08:50,Magic Kingdom,Fantasyland,Meet Dashing Disney Pals as Circus Stars at Pete's Silly Sideshow,0,False
2026-08-01,08:50,Magic Kingdom,Fantasyland,Meet Princess Tiana and a Visiting Princess at Princess Fairytale Hall,0,False
2026-08-01,08:50,Magic Kingdom,Fantasyland,Mickey's PhilharMagic,0,False
2026-08-01,08:50,Magic Kingdom,Fantasyland,Peter Pan's Flight,35,True
2026-08-01,08:50,Magic Kingdom,Fantasyland,Prince Charming Regal Carrousel,0,True
2026-08-01,08:50,Magic Kingdom,Fantasyland,Seven Dwarfs Mine Train,40,True
2026-08-01,08:50,Magic Kingdom,Fantasyland,The Barnstormer,5,True
2026-08-01,08:50,Magic Kingdom,Fantasyland,The Many Adventures of Winnie the Pooh,5,True
2026-08-01,08:50,Magic Kingdom,Fantasyland,Under the Sea - Journey of The Little Mermaid,5,True
2026-08-01,08:50,Magic Kingdom,Fantasyland,Walt Disney World Railroad - Fantasyland,0,False
2026-08-01,08:50,Magic Kingdom,Frontierland,Big Thunder Mountain Railroad,0,False
2026-08-01,08:50,Magic Kingdom,Frontierland,Country Bear Musical Jamboree,0,False
2026-08-01,08:50,Magic Kingdom,Frontierland,Tiana's Bayou Adventure,0,False
2026-08-01,08:50,Magic Kingdom,Liberty Square,Haunted Mansion,0,False
2026-08-01,08:50,Magic Kingdom,Liberty Square,The Hall of Presidents,0,False
2026-08-01,08:50,Magic Kingdom,"Main Street, U.S.A.",Main Street Vehicles,0,False
2026-08-01,08:50,Magic Kingdom,"Main Street, U.S.A.",Meet Mickey at Town Square Theater,0,False
2026-08-01,08:50,Magic Kingdom,"Main Street, U.S.A.","Walt Disney World Railroad - Main Street, U.S.A.",0,False
2026-08-01,08:50,Magic Kingdom,Tomorrowland,Astro Orbiter,10,True
2026-08-01,08:50,Magic Kingdom,Tomorrowland,Buzz Lightyear’s Space Ranger Spin,10,True
2026-08-01,08:50,Magic Kingdom,Tomorrowland,"Monsters, Inc. Laugh Floor",0,False
2026-08-01,08:50,Magic Kingdom,Tomorrowland,Space Mountain,20,True
2026-08-01,08:50,Magic Kingdom,Tomorrowland,Tomorrowland Speedway,10,True
2026-08-01,08:50,Magic Kingdom,Tomorrowland,Tomorrowland Transit Authority PeopleMover,5,True
2026-08-01,08:50,Magic Kingdom,Tomorrowland,TRON Lightcycle / Run,0,False
2026-08-01,08:50,Magic Kingdom,Tomorrowland,Walt Disney's Carousel of Progress,0,False
2026-08-01,08:50,EPCOT,World Celebration,Disney and Pixar Short Film Festival,0,False
2026-08-01,08:50,EPCOT,World Celebration,Journey Into Imagination With Figment,0,False
2026-08-01,08:50,EPCOT,World Celebration,Meet Beloved Disney Pals at Mickey & Friends,0,False
2026-08-01,08:50,EPCOT,World Celebration,Spaceship Earth,5,True
2026-08-01,08:50,EPCOT,World Discovery,Guardians of the Galaxy: Cosmic Rewind,60,True
2026-08-01,08:50,EPCOT,World Discovery,Mission: SPACE,15,True
2026-08-01,08:50,EPCOT,World Discovery,Test Track,30,True
2026-08-01,08:50,EPCOT,World Discovery,Test Track Presented by Chevrolet Single Rider,0,True
2026-08-01,08:50,EPCOT,World Nature,Awesome Planet,0,False
2026-08-01,08:50,EPCOT,World Nature,"Journey of Water, Inspired by Moana",0,True
2026-08-01,08:50,EPCOT,World Nature,Living with the Land,0,False
2026-08-01,08:50,EPCOT,World Nature,SeaBase Aquarium,0,True
2026-08-01,08:50,EPCOT,World Nature,Soarin' Across America,10,True
2026-08-01,08:50,EPCOT,World Nature,The Seas with Nemo & Friends,5,True
2026-08-01,08:50,EPCOT,World Nature,Turtle Talk With Crush,0,False
2026-08-01,08:50,EPCOT,World Showcase,Canada Far and Wide in Circle-Vision 360,0,False
2026-08-01,08:50,EPCOT,World Showcase,Frozen Ever After,20,True
2026-08-01,08:50,EPCOT,World Showcase,Gran Fiesta Tour Starring The Three Caballeros,0,False
2026-08-01,08:50,EPCOT,World Showcase,Meet Anna and Elsa at Royal Sommerhus,0,False
2026-08-01,08:50,EPCOT,World Showcase,Remy's Ratatouille Adventure,45,True
2026-08-01,08:50,EPCOT,World Showcase,Remy's Ratatouille Adventure Single Rider,0,True
2026-08-01,08:50,Hollywood Studios,Animation Courtyard,Disney Jr. Mickey Mouse Clubhouse Live!,0,True
2026-08-01,08:50,Hollywood Studios,Animation Courtyard,Meet Ariel at Walt Disney Presents,0,False
2026-08-01,08:50,Hollywood Studios,Animation Courtyard,The Little Mermaid – A Musical Adventure,0,True
2026-08-01,08:50,Hollywood Studios,Animation Courtyard,Walt Disney Presents,0,False
2026-08-01,08:50,Hollywood Studios,Commissary Lane,Meet Disney Stars at Red Carpet Dreams,0,False
2026-08-01,08:50,Hollywood Studios,Echo Lake,For the First Time in Forever: A Frozen Sing-Along Celebration,0,True
2026-08-01,08:50,Hollywood Studios,Echo Lake,Indiana Jones™ Epic Stunt Spectacular!,0,True
2026-08-01,08:50,Hollywood Studios,Echo Lake,Meet Olaf at Celebrity Spotlight,0,False
2026-08-01,08:50,Hollywood Studios,Echo Lake,Star Tours – The Adventures Continue,5,True
2026-08-01,08:50,Hollywood Studios,Echo Lake,Vacation Fun - An Original Animated Short with Mickey & Minnie,0,False
2026-08-01,08:50,Hollywood Studios,Hollywood Boulevard,Mickey & Minnie's Runaway Railway,25,True
2026-08-01,08:50,Hollywood Studios,Pixar Plaza,Meet Edna Mode at the Edna Mode Experience,0,False
2026-08-01,08:50,Hollywood Studios,Pixar Plaza,Toy Story Mania!,0,False
2026-08-01,08:50,Hollywood Studios,Star Wars: Galaxy's Edge,Millennium Falcon: Smugglers Run,20,True
2026-08-01,08:50,Hollywood Studios,Star Wars: Galaxy's Edge,Millennium Falcon: Smugglers Run Single Rider,0,True
2026-08-01,08:50,Hollywood Studios,Star Wars: Galaxy's Edge,Star Wars: Rise of the Resistance,0,False
2026-08-01,08:50,Hollywood Studios,Star Wars: Galaxy's Edge,Star Wars: Rise of the Resistance Single Rider,0,False
2026-08-01,08:50,Hollywood Studios,Sunset Boulevard,Beauty and the Beast – Live on Stage,0,True
2026-08-01,08:50,Hollywood Studios,Sunset Boulevard,Rock 'n' Roller Coaster Starring Aerosmith Single Rider,0,True
2026-08-01,08:50,Hollywood Studios,Sunset Boulevard,Rock ’n’ Roller Coaster Starring The Muppets,0,True
2026-08-01,08:50,Hollywood Studios,Sunset Boulevard,The Twilight Zone™ Tower of Terror,0,True
2026-08-01,08:50,Hollywood Studios,Toy Story Land,Alien Swirling Saucers,10,True
2026-08-01,08:50,Hollywood Studios,Toy Story Land,Slinky Dog Dash,75,True
2026-08-01,08:50,Animal Kingdom,Africa,Festival of the Lion King,0,True
2026-08-01,08:50,Animal Kingdom,Africa,Gorilla Falls Exploration Trail,5,True
2026-08-01,08:50,Animal Kingdom,Africa,Kilimanjaro Safaris,0,False
2026-08-01,08:50,Animal Kingdom,Africa,Wildlife Express Train,5,True
2026-08-01,08:50,Animal Kingdom,Asia,Expedition Everest - Legend of the Forbidden Mountain,25,True
2026-08-01,08:50,Animal Kingdom,Asia,Expedition Everest - Legend of the Forbidden Mountain Single Rider,0,True
2026-08-01,08:50,Animal Kingdom,Asia,Feathered Friends in Flight!,0,True
2026-08-01,08:50,Animal Kingdom,Asia,Kali River Rapids,0,False
2026-08-01,08:50,Animal Kingdom,Conservation Station,Animal Care at Conservation Station,0,True
2026-08-01,08:50,Animal Kingdom,Conservation Station,Bluey's Wild World at Conservation Station,10,True
2026-08-01,08:50,Animal Kingdom,Dinoland U.S.A,Finding Nemo: The Big Blue... and Beyond!,0,True
2026-08-01,08:50,Animal Kingdom,Discovery Island,Discovery Island Trails,0,True
2026-08-01,08:50,Animal Kingdom,Discovery Island,Meet Favorite Disney Pals at Adventurers Outpost,35,True
2026-08-01,08:50,Animal Kingdom,Discovery Island,Meet Moana at Character Landing,0,True
2026-08-01,08:50,Animal Kingdom,Discovery Island,Tree of Life,0,True
2026-08-01,08:50,Animal Kingdom,Discovery Island,Zootopia: Better Zoogether!,10,True
2026-08-01,08:50,Animal Kingdom,Pandora - The World of Avatar,Avatar Flight of Passage,60,True
2026-08-01,08:50,Animal Kingdom,Pandora - The World of Avatar,Na'vi River Journey,45,True
2026-08-01,08:50,Animal Kingdom,The Oasis,The Oasis Exhibits,0,True
2026-08-01,08:50,Animal Kingdom,The Oasis,Wilderness Explorers,0,False
2026-08-01,08:55,Magic Kingdom,Adventureland,A Pirate's Adventure ~ Treasures of the Seven Seas,0,False
2026-08-01,08:55,Magic Kingdom,Adventureland,Jungle Cruise,0,False
2026-08-01,08:55,Magic Kingdom,Adventureland,Pirates of the Caribbean,0,False
2026-08-01,08:55,Magic Kingdom,Adventureland,Swiss Family Treehouse,0,False
2026-08-01,08:55,Magic Kingdom,Adventureland,The Magic Carpets of Aladdin,0,False
2026-08-01,08:55,Magic Kingdom,Adventureland,Walt Disney's Enchanted Tiki Room,0,False
2026-08-01,08:55,Magic Kingdom,Fantasyland,it's a small world,5,True
2026-08-01,08:55,Magic Kingdom,Fantasyland,Casey Jr. Splash 'N' Soak Station,0,False
2026-08-01,08:55,Magic Kingdom,Fantasyland,Cinderella Castle,0,False
2026-08-01,08:55,Magic Kingdom,Fantasyland,Dumbo the Flying Elephant,5,True
2026-08-01,08:55,Magic Kingdom,Fantasyland,Enchanted Tales with Belle,0,False
2026-08-01,08:55,Magic Kingdom,Fantasyland,Mad Tea Party,5,True
2026-08-01,08:55,Magic Kingdom,Fantasyland,Meet Ariel at Her Grotto,0,False
2026-08-01,08:55,Magic Kingdom,Fantasyland,Meet Cinderella and a Visiting Princess at Princess Fairytale Hall,0,False
2026-08-01,08:55,Magic Kingdom,Fantasyland,Meet Daring Disney Pals as Circus Stars at Pete's Silly Sideshow,0,False
2026-08-01,08:55,Magic Kingdom,Fantasyland,Meet Dashing Disney Pals as Circus Stars at Pete's Silly Sideshow,0,False
2026-08-01,08:55,Magic Kingdom,Fantasyland,Meet Princess Tiana and a Visiting Princess at Princess Fairytale Hall,0,False
2026-08-01,08:55,Magic Kingdom,Fantasyland,Mickey's PhilharMagic,0,False
2026-08-01,08:55,Magic Kingdom,Fantasyland,Peter Pan's Flight,35,True
2026-08-01,08:55,Magic Kingdom,Fantasyland,Prince Charming Regal Carrousel,0,True
2026-08-01,08:55,Magic Kingdom,Fantasyland,Seven Dwarfs Mine Train,35,True
2026-08-01,08:55,Magic Kingdom,Fantasyland,The Barnstormer,5,True
2026-08-01,08:55,Magic Kingdom,Fantasyland,The Many Adventures of Winnie the Pooh,15,True
2026-08-01,08:55,Magic Kingdom,Fantasyland,Under the Sea - Journey of The Little Mermaid,5,True
2026-08-01,08:55,Magic Kingdom,Fantasyland,Walt Disney World Railroad - Fantasyland,0,False
2026-08-01,08:55,Magic Kingdom,Frontierland,Big Thunder Mountain Railroad,0,False
2026-08-01,08:55,Magic Kingdom,Frontierland,Country Bear Musical Jamboree,0,False
2026-08-01,08:55,Magic Kingdom,Frontierland,Tiana's Bayou Adventure,0,False
2026-08-01,08:55,Magic Kingdom,Liberty Square,Haunted Mansion,0,False
2026-08-01,08:55,Magic Kingdom,Liberty Square,The Hall of Presidents,0,False
2026-08-01,08:55,Magic Kingdom,"Main Street, U.S.A.",Main Street Vehicles,0,False
2026-08-01,08:55,Magic Kingdom,"Main Street, U.S.A.",Meet Mickey at Town Square Theater,0,False
2026-08-01,08:55,Magic Kingdom,"Main Street, U.S.A.","Walt Disney World Railroad - Main Street, U.S.A.",0,False
2026-08-01,08:55,Magic Kingdom,Tomorrowland,Astro Orbiter,10,True
2026-08-01,08:55,Magic Kingdom,Tomorrowland,Buzz Lightyear’s Space Ranger Spin,10,True
2026-08-01,08:55,Magic Kingdom,Tomorrowland,"Monsters, Inc. Laugh Floor",0,False
2026-08-01,08:55,Magic Kingdom,Tomorrowland,Space Mountain,20,True
2026-08-01,08:55,Magic Kingdom,Tomorrowland,Tomorrowland Speedway,10,True
2026-08-01,08:55,Magic Kingdom,Tomorrowland,Tomorrowland Transit Authority PeopleMover,5,True
2026-08-01,08:55,Magic Kingdom,Tomorrowland,TRON Lightcycle / Run,0,False
2026-08-01,08:55,Magic Kingdom,Tomorrowland,Walt Disney's Carousel of Progress,0,False
2026-08-01,08:55,EPCOT,World Celebration,Disney and Pixar Short Film Festival,0,False
2026-08-01,08:55,EPCOT,World Celebration,Journey Into Imagination With Figment,0,False
2026-08-01,08:55,EPCOT,World Celebration,Meet Beloved Disney Pals at Mickey & Friends,0,False
2026-08-01,08:55,EPCOT,World Celebration,Spaceship Earth,5,True
2026-08-01,08:55,EPCOT,World Discovery,Guardians of the Galaxy: Cosmic Rewind,50,True
2026-08-01,08:55,EPCOT,World Discovery,Mission: SPACE,15,True
2026-08-01,08:55,EPCOT,World Discovery,Test Track,30,True
2026-08-01,08:55,EPCOT,World Discovery,Test Track Presented by Chevrolet Single Rider,0,True
2026-08-01,08:55,EPCOT,World Nature,Awesome Planet,0,False
2026-08-01,08:55,EPCOT,World Nature,"Journey of Water, Inspired by Moana",0,True
2026-08-01,08:55,EPCOT,World Nature,Living with the Land,0,False
2026-08-01,08:55,EPCOT,World Nature,SeaBase Aquarium,0,True
2026-08-01,08:55,EPCOT,World Nature,Soarin' Across America,10,True
2026-08-01,08:55,EPCOT,World Nature,The Seas with Nemo & Friends,5,True
2026-08-01,08:55,EPCOT,World Nature,Turtle Talk With Crush,0,False
2026-08-01,08:55,EPCOT,World Showcase,Canada Far and Wide in Circle-Vision 360,0,False
2026-08-01,08:55,EPCOT,World Showcase,Frozen Ever After,15,True
2026-08-01,08:55,EPCOT,World Showcase,Gran Fiesta Tour Starring The Three Caballeros,0,False
2026-08-01,08:55,EPCOT,World Showcase,Meet Anna and Elsa at Royal Sommerhus,0,False
2026-08-01,08:55,EPCOT,World Showcase,Remy's Ratatouille Adventure,45,True
2026-08-01,08:55,EPCOT,World Showcase,Remy's Ratatouille Adventure Single Rider,0,True
2026-08-01,08:55,Hollywood Studios,Animation Courtyard,Disney Jr. Mickey Mouse Clubhouse Live!,0,True
2026-08-01,08:55,Hollywood Studios,Animation Courtyard,Meet Ariel at Walt Disney Presents,0,False
2026-08-01,08:55,Hollywood Studios,Animation Courtyard,The Little Mermaid – A Musical Adventure,0,True
2026-08-01,08:55,Hollywood Studios,Animation Courtyard,Walt Disney Presents,0,False
2026-08-01,08:55,Hollywood Studios,Commissary Lane,Meet Disney Stars at Red Carpet Dreams,0,False
2026-08-01,08:55,Hollywood Studios,Echo Lake,For the First Time in Forever: A Frozen Sing-Along Celebration,0,True
2026-08-01,08:55,Hollywood Studios,Echo Lake,Indiana Jones™ Epic Stunt Spectacular!,0,True
2026-08-01,08:55,Hollywood Studios,Echo Lake,Meet Olaf at Celebrity Spotlight,0,False
2026-08-01,08:55,Hollywood Studios,Echo Lake,Star Tours – The Adventures Continue,5,True
2026-08-01,08:55,Hollywood Studios,Echo Lake,Vacation Fun - An Original Animated Short with Mickey & Minnie,0,False
2026-08-01,08:55,Hollywood Studios,Hollywood Boulevard,Mickey & Minnie's Runaway Railway,25,True
2026-08-01,08:55,Hollywood Studios,Pixar Plaza,Meet Edna Mode at the Edna Mode Experience,0,False
2026-08-01,08:55,Hollywood Studios,Pixar Plaza,Toy Story Mania!,0,False
2026-08-01,08:55,Hollywood Studios,Star Wars: Galaxy's Edge,Millennium Falcon: Smugglers Run,20,True
2026-08-01,08:55,Hollywood Studios,Star Wars: Galaxy's Edge,Millennium Falcon: Smugglers Run Single Rider,0,True
2026-08-01,08:55,Hollywood Studios,Star Wars: Galaxy's Edge,Star Wars: Rise of the Resistance,0,False
2026-08-01,08:55,Hollywood Studios,Star Wars: Galaxy's Edge,Star Wars: Rise of the Resistance Single Rider,0,False
2026-08-01,08:55,Hollywood Studios,Sunset Boulevard,Beauty and the Beast – Live on Stage,0,True
2026-08-01,08:55,Hollywood Studios,Sunset Boulevard,Rock 'n' Roller Coaster Starring Aerosmith Single Rider,0,True
2026-08-01,08:55,Hollywood Studios,Sunset Boulevard,Rock ’n’ Roller Coaster Starring The Muppets,80,True
2026-08-01,08:55,Hollywood Studios,Sunset Boulevard,The Twilight Zone™ Tower of Terror,0,True
2026-08-01,08:55,Hollywood Studios,Toy Story Land,Alien Swirling Saucers,10,True
2026-08-01,08:55,Hollywood Studios,Toy Story Land,Slinky Dog Dash,70,True
2026-08-01,08:55,Animal Kingdom,Africa,Festival of the Lion King,0,True
2026-08-01,08:55,Animal Kingdom,Africa,Gorilla Falls Exploration Trail,5,True
2026-08-01,08:55,Animal Kingdom,Africa,Kilimanjaro Safaris,0,False
2026-08-01,08:55,Animal Kingdom,Africa,Wildlife Express Train,5,True
2026-08-01,08:55,Animal Kingdom,Asia,Expedition Everest - Legend of the Forbidden Mountain,25,True
2026-08-01,08:55,Animal Kingdom,Asia,Expedition Everest - Legend of the Forbidden Mountain Single Rider,0,True
2026-08-01,08:55,Animal Kingdom,Asia,Feathered Friends in Flight!,0,True
2026-08-01,08:55,Animal Kingdom,Asia,Kali River Rapids,0,False
2026-08-01,08:55,Animal Kingdom,Conservation Station,Animal Care at Conservation Station,0,True
2026-08-01,08:55,Animal Kingdom,Conservation Station,Bluey's Wild World at Conservation Station,10,True
2026-08-01,08:55,Animal Kingdom,Dinoland U.S.A,Finding Nemo: The Big Blue... and Beyond!,0,True
2026-08-01,08:55,Animal Kingdom,Discovery Island,Discovery Island Trails,0,True
2026-08-01,08:55,Animal Kingdom,Discovery Island,Meet Favorite Disney Pals at Adventurers Outpost,25,True
2026-08-01,08:55,Animal Kingdom,Discovery Island,Meet Moana at Character Landing,0,True
2026-08-01,08:55,Animal Kingdom,Discovery Island,Tree of Life,0,True
2026-08-01,08:55,Animal Kingdom,Discovery Island,Zootopia: Better Zoogether!,10,True
2026-08-01,08:55,Animal Kingdom,Pandora - The World of Avatar,Avatar Flight of Passage,60,True
2026-08-01,08:55,Animal Kingdom,Pandora - The World of Avatar,Na'vi River Journey,45,True
2026-08-01,08:55,Animal Kingdom,The Oasis,The Oasis Exhibits,0,True
2026-08-01,08:55,Animal Kingdom,The Oasis,Wilderness Explorers,0,False
2026-08-01,09:00,Magic Kingdom,Adventureland,A Pirate's Adventure ~ Treasures of the Seven Seas,0,False
2026-08-01,09:00,Magic Kingdom,Adventureland,Jungle Cruise,0,False
2026-08-01,09:00,Magic Kingdom,Adventureland,Pirates of the Caribbean,0,False
2026-08-01,09:00,Magic Kingdom,Adventureland,Swiss Family Treehouse,0,False
2026-08-01,09:00,Magic Kingdom,Adventureland,The Magic Carpets of Aladdin,0,False
2026-08-01,09:00,Magic Kingdom,Adventureland,Walt Disney's Enchanted Tiki Room,0,False
2026-08-01,09:00,Magic Kingdom,Fantasyland,it's a small world,5,True
2026-08-01,09:00,Magic Kingdom,Fantasyland,Casey Jr. Splash 'N' Soak Station,0,False
2026-08-01,09:00,Magic Kingdom,Fantasyland,Cinderella Castle,0,False
2026-08-01,09:00,Magic Kingdom,Fantasyland,Dumbo the Flying Elephant,5,True
2026-08-01,09:00,Magic Kingdom,Fantasyland,Enchanted Tales with Belle,0,False
2026-08-01,09:00,Magic Kingdom,Fantasyland,Mad Tea Party,5,True
2026-08-01,09:00,Magic Kingdom,Fantasyland,Meet Ariel at Her Grotto,0,False
2026-08-01,09:00,Magic Kingdom,Fantasyland,Meet Cinderella and a Visiting Princess at Princess Fairytale Hall,0,False
2026-08-01,09:00,Magic Kingdom,Fantasyland,Meet Daring Disney Pals as Circus Stars at Pete's Silly Sideshow,0,False
2026-08-01,09:00,Magic Kingdom,Fantasyland,Meet Dashing Disney Pals as Circus Stars at Pete's Silly Sideshow,0,False
2026-08-01,09:00,Magic Kingdom,Fantasyland,Meet Princess Tiana and a Visiting Princess at Princess Fairytale Hall,0,False
2026-08-01,09:00,Magic Kingdom,Fantasyland,Mickey's PhilharMagic,0,False
2026-08-01,09:00,Magic Kingdom,Fantasyland,Peter Pan's Flight,35,True
2026-08-01,09:00,Magic Kingdom,Fantasyland,Prince Charming Regal Carrousel,0,True
2026-08-01,09:00,Magic Kingdom,Fantasyland,Seven Dwarfs Mine Train,35,True
2026-08-01,09:00,Magic Kingdom,Fantasyland,The Barnstormer,5,True
2026-08-01,09:00,Magic Kingdom,Fantasyland,The Many Adventures of Winnie the Pooh,15,True
2026-08-01,09:00,Magic Kingdom,Fantasyland,Under the Sea - Journey of The Little Mermaid,5,True
2026-08-01,09:00,Magic Kingdom,Fantasyland,Walt Disney World Railroad - Fantasyland,0,False
2026-08-01,09:00,Magic Kingdom,Frontierland,Big Thunder Mountain Railroad,0,False
2026-08-01,09:00,Magic Kingdom,Frontierland,Country Bear Musical Jamboree,0,False
2026-08-01,09:00,Magic Kingdom,Frontierland,Tiana's Bayou Adventure,0,False
2026-08-01,09:00,Magic Kingdom,Liberty Square,Haunted Mansion,0,False
2026-08-01,09:00,Magic Kingdom,Liberty Square,The Hall of Presidents,0,False
2026-08-01,09:00,Magic Kingdom,"Main Street, U.S.A.",Main Street Vehicles,0,False
2026-08-01,09:00,Magic Kingdom,"Main Street, U.S.A.",Meet Mickey at Town Square Theater,0,False
2026-08-01,09:00,Magic Kingdom,"Main Street, U.S.A.","Walt Disney World Railroad - Main Street, U.S.A.",0,False
2026-08-01,09:00,Magic Kingdom,Tomorrowland,Astro Orbiter,10,True
2026-08-01,09:00,Magic Kingdom,Tomorrowland,Buzz Lightyear’s Space Ranger Spin,10,True
2026-08-01,09:00,Magic Kingdom,Tomorrowland,"Monsters, Inc. Laugh Floor",0,False
2026-08-01,09:00,Magic Kingdom,Tomorrowland,Space Mountain,20,True
2026-08-01,09:00,Magic Kingdom,Tomorrowland,Tomorrowland Speedway,10,True
2026-08-01,09:00,Magic Kingdom,Tomorrowland,Tomorrowland Transit Authority PeopleMover,5,True
2026-08-01,09:00,Magic Kingdom,Tomorrowland,TRON Lightcycle / Run,0,False
2026-08-01,09:00,Magic Kingdom,Tomorrowland,Walt Disney's Carousel of Progress,0,False
2026-08-01,09:00,EPCOT,World Celebration,Disney and Pixar Short Film Festival,0,False
2026-08-01,09:00,EPCOT,World Celebration,Journey Into Imagination With Figment,0,False
2026-08-01,09:00,EPCOT,World Celebration,Meet Beloved Disney Pals at Mickey & Friends,0,False
2026-08-01,09:00,EPCOT,World Celebration,Spaceship Earth,5,True
2026-08-01,09:00,EPCOT,World Discovery,Guardians of the Galaxy: Cosmic Rewind,50,True
2026-08-01,09:00,EPCOT,World Discovery,Mission: SPACE,15,True
2026-08-01,09:00,EPCOT,World Discovery,Test Track,30,True
2026-08-01,09:00,EPCOT,World Discovery,Test Track Presented by Chevrolet Single Rider,0,True
2026-08-01,09:00,EPCOT,World Nature,Awesome Planet,0,False
2026-08-01,09:00,EPCOT,World Nature,"Journey of Water, Inspired by Moana",0,True
2026-08-01,09:00,EPCOT,World Nature,Living with the Land,0,False
2026-08-01,09:00,EPCOT,World Nature,SeaBase Aquarium,0,True
2026-08-01,09:00,EPCOT,World Nature,Soarin' Across America,10,True
2026-08-01,09:00,EPCOT,World Nature,The Seas with Nemo & Friends,5,True
2026-08-01,09:00,EPCOT,World Nature,Turtle Talk With Crush,0,False
2026-08-01,09:00,EPCOT,World Showcase,Canada Far and Wide in Circle-Vision 360,0,False
2026-08-01,09:00,EPCOT,World Showcase,Frozen Ever After,20,True
2026-08-01,09:00,EPCOT,World Showcase,Gran Fiesta Tour Starring The Three Caballeros,0,False
2026-08-01,09:00,EPCOT,World Showcase,Meet Anna and Elsa at Royal Sommerhus,0,False
2026-08-01,09:00,EPCOT,World Showcase,Remy's Ratatouille Adventure,40,True
2026-08-01,09:00,EPCOT,World Showcase,Remy's Ratatouille Adventure Single Rider,0,True
2026-08-01,09:00,Hollywood Studios,Animation Courtyard,Disney Jr. Mickey Mouse Clubhouse Live!,0,True
2026-08-01,09:00,Hollywood Studios,Animation Courtyard,Meet Ariel at Walt Disney Presents,0,False
2026-08-01,09:00,Hollywood Studios,Animation Courtyard,The Little Mermaid – A Musical Adventure,0,True
2026-08-01,09:00,Hollywood Studios,Animation Courtyard,Walt Disney Presents,0,False
2026-08-01,09:00,Hollywood Studios,Commissary Lane,Meet Disney Stars at Red Carpet Dreams,0,False
2026-08-01,09:00,Hollywood Studios,Echo Lake,For the First Time in Forever: A Frozen Sing-Along Celebration,0,True
2026-08-01,09:00,Hollywood Studios,Echo Lake,Indiana Jones™ Epic Stunt Spectacular!,0,True
2026-08-01,09:00,Hollywood Studios,Echo Lake,Meet Olaf at Celebrity Spotlight,0,False
2026-08-01,09:00,Hollywood Studios,Echo Lake,Star Tours – The Adventures Continue,5,True
2026-08-01,09:00,Hollywood Studios,Echo Lake,Vacation Fun - An Original Animated Short with Mickey & Minnie,0,False
2026-08-01,09:00,Hollywood Studios,Hollywood Boulevard,Mickey & Minnie's Runaway Railway,25,True
2026-08-01,09:00,Hollywood Studios,Pixar Plaza,Meet Edna Mode at the Edna Mode Experience,0,False
2026-08-01,09:00,Hollywood Studios,Pixar Plaza,Toy Story Mania!,20,True
2026-08-01,09:00,Hollywood Studios,Star Wars: Galaxy's Edge,Millennium Falcon: Smugglers Run,20,True
2026-08-01,09:00,Hollywood Studios,Star Wars: Galaxy's Edge,Millennium Falcon: Smugglers Run Single Rider,0,True
2026-08-01,09:00,Hollywood Studios,Star Wars: Galaxy's Edge,Star Wars: Rise of the Resistance,0,False
2026-08-01,09:00,Hollywood Studios,Star Wars: Galaxy's Edge,Star Wars: Rise of the Resistance Single Rider,0,False
2026-08-01,09:00,Hollywood Studios,Sunset Boulevard,Beauty and the Beast – Live on Stage,0,True
2026-08-01,09:00,Hollywood Studios,Sunset Boulevard,Rock 'n' Roller Coaster Starring Aerosmith Single Rider,0,True
2026-08-01,09:00,Hollywood Studios,Sunset Boulevard,Rock ’n’ Roller Coaster Starring The Muppets,80,True
2026-08-01,09:00,Hollywood Studios,Sunset Boulevard,The Twilight Zone™ Tower of Terror,0,True
2026-08-01,09:00,Hollywood Studios,Toy Story Land,Alien Swirling Saucers,10,True
2026-08-01,09:00,Hollywood Studios,Toy Story Land,Slinky Dog Dash,65,True
2026-08-01,09:00,Animal Kingdom,Africa,Festival of the Lion King,0,True
2026-08-01,09:00,Animal Kingdom,Africa,Gorilla Falls Exploration Trail,5,True
2026-08-01,09:00,Animal Kingdom,Africa,Kilimanjaro Safaris,0,False
2026-08-01,09:00,Animal Kingdom,Africa,Wildlife Express Train,5,True
2026-08-01,09:00,Animal Kingdom,Asia,Expedition Everest - Legend of the Forbidden Mountain,25,True
2026-08-01,09:00,Animal Kingdom,Asia,Expedition Everest - Legend of the Forbidden Mountain Single Rider,0,True
2026-08-01,09:00,Animal Kingdom,Asia,Feathered Friends in Flight!,0,True
2026-08-01,09:00,Animal Kingdom,Asia,Kali River Rapids,0,False
2026-08-01,09:00,Animal Kingdom,Conservation Station,Animal Care at Conservation Station,0,True
2026-08-01,09:00,Animal Kingdom,Conservation Station,Bluey's Wild World at Conservation Station,10,True
2026-08-01,09:00,Animal Kingdom,Dinoland U.S.A,Finding Nemo: The Big Blue... and Beyond!,0,True
2026-08-01,09:00,Animal Kingdom,Discovery Island,Discovery Island Trails,0,True
2026-08-01,09:00,Animal Kingdom,Discovery Island,Meet Favorite Disney Pals at Adventurers Outpost,25,True
2026-08-01,09:00,Animal Kingdom,Discovery Island,Meet Moana at Character Landing,0,True
2026-08-01,09:00,Animal Kingdom,Discovery Island,Tree of Life,0,True
2026-08-01,09:00,Animal Kingdom,Discovery Island,Zootopia: Better Zoogether!,10,True
2026-08-01,09:00,Animal Kingdom,Pandora - The World of Avatar,Avatar Flight of Passage,60,True
2026-08-01,09:00,Animal Kingdom,Pandora - The World of Avatar,Na'vi River Journey,40,True
2026-08-01,09:00,Animal Kingdom,The Oasis,The Oasis Exhibits,0,True
2026-08-01,09:00,Animal Kingdom,The Oasis,Wilderness Explorers,0,False
2026-08-01,09:05,Magic Kingdom,Adventureland,A Pirate's Adventure ~ Treasures of the Seven Seas,0,False
2026-08-01,09:05,Magic Kingdom,Adventureland,Jungle Cruise,0,False
2026-08-01,09:05,Magic Kingdom,Adventureland,Pirates of the Caribbean,0,False
2026-08-01,09:05,Magic Kingdom,Adventureland,Swiss Family Treehouse,0,False
2026-08-01,09:05,Magic Kingdom,Adventureland,The Magic Carpets of Aladdin,0,False
2026-08-01,09:05,Magic Kingdom,Adventureland,Walt Disney's Enchanted Tiki Room,0,False
2026-08-01,09:05,Magic Kingdom,Fantasyland,it's a small world,5,True
2026-08-01,09:05,Magic Kingdom,Fantasyland,Casey Jr. Splash 'N' Soak Station,0,True
2026-08-01,09:05,Magic Kingdom,Fantasyland,Cinderella Castle,0,True
2026-08-01,09:05,Magic Kingdom,Fantasyland,Dumbo the Flying Elephant,5,True
2026-08-01,09:05,Magic Kingdom,Fantasyland,Enchanted Tales with Belle,0,False
2026-08-01,09:05,Magic Kingdom,Fantasyland,Mad Tea Party,5,True
2026-08-01,09:05,Magic Kingdom,Fantasyland,Meet Ariel at Her Grotto,0,False
2026-08-01,09:05,Magic Kingdom,Fantasyland,Meet Cinderella and a Visiting Princess at Princess Fairytale Hall,0,False
2026-08-01,09:05,Magic Kingdom,Fantasyland,Meet Daring Disney Pals as Circus Stars at Pete's Silly Sideshow,0,False
2026-08-01,09:05,Magic Kingdom,Fantasyland,Meet Dashing Disney Pals as Circus Stars at Pete's Silly Sideshow,0,False
2026-08-01,09:05,Magic Kingdom,Fantasyland,Meet Princess Tiana and a Visiting Princess at Princess Fairytale Hall,0,False
2026-08-01,09:05,Magic Kingdom,Fantasyland,Mickey's PhilharMagic,0,False
2026-08-01,09:05,Magic Kingdom,Fantasyland,Peter Pan's Flight,35,True
2026-08-01,09:05,Magic Kingdom,Fantasyland,Prince Charming Regal Carrousel,0,True
2026-08-01,09:05,Magic Kingdom,Fantasyland,Seven Dwarfs Mine Train,35,True
2026-08-01,09:05,Magic Kingdom,Fantasyland,The Barnstormer,5,True
2026-08-01,09:05,Magic Kingdom,Fantasyland,The Many Adventures of Winnie the Pooh,25,True
2026-08-01,09:05,Magic Kingdom,Fantasyland,Under the Sea - Journey of The Little Mermaid,5,True
2026-08-01,09:05,Magic Kingdom,Fantasyland,Walt Disney World Railroad - Fantasyland,0,False
2026-08-01,09:05,Magic Kingdom,Frontierland,Big Thunder Mountain Railroad,0,False
2026-08-01,09:05,Magic Kingdom,Frontierland,Country Bear Musical Jamboree,0,False
2026-08-01,09:05,Magic Kingdom,Frontierland,Tiana's Bayou Adventure,0,False
2026-08-01,09:05,Magic Kingdom,Liberty Square,Haunted Mansion,0,False
2026-08-01,09:05,Magic Kingdom,Liberty Square,The Hall of Presidents,0,False
2026-08-01,09:05,Magic Kingdom,"Main Street, U.S.A.",Main Street Vehicles,0,False
2026-08-01,09:05,Magic Kingdom,"Main Street, U.S.A.",Meet Mickey at Town Square Theater,0,False
2026-08-01,09:05,Magic Kingdom,"Main Street, U.S.A.","Walt Disney World Railroad - Main Street, U.S.A.",0,False
2026-08-01,09:05,Magic Kingdom,Tomorrowland,Astro Orbiter,10,True
2026-08-01,09:05,Magic Kingdom,Tomorrowland,Buzz Lightyear’s Space Ranger Spin,10,True
2026-08-01,09:05,Magic Kingdom,Tomorrowland,"Monsters, Inc. Laugh Floor",0,False
2026-08-01,09:05,Magic Kingdom,Tomorrowland,Space Mountain,20,True
2026-08-01,09:05,Magic Kingdom,Tomorrowland,Tomorrowland Speedway,10,True
2026-08-01,09:05,Magic Kingdom,Tomorrowland,Tomorrowland Transit Authority PeopleMover,5,True
2026-08-01,09:05,Magic Kingdom,Tomorrowland,TRON Lightcycle / Run,0,False
2026-08-01,09:05,Magic Kingdom,Tomorrowland,Walt Disney's Carousel of Progress,0,False
2026-08-01,09:05,EPCOT,World Celebration,Disney and Pixar Short Film Festival,0,True
2026-08-01,09:05,EPCOT,World Celebration,Journey Into Imagination With Figment,5,True
2026-08-01,09:05,EPCOT,World Celebration,Meet Beloved Disney Pals at Mickey & Friends,10,True
2026-08-01,09:05,EPCOT,World Celebration,Spaceship Earth,5,True
2026-08-01,09:05,EPCOT,World Discovery,Guardians of the Galaxy: Cosmic Rewind,90,True
2026-08-01,09:05,EPCOT,World Discovery,Mission: SPACE,15,True
2026-08-01,09:05,EPCOT,World Discovery,Test Track,65,True
2026-08-01,09:05,EPCOT,World Discovery,Test Track Presented by Chevrolet Single Rider,0,True
2026-08-01,09:05,EPCOT,World Nature,Awesome Planet,0,True
2026-08-01,09:05,EPCOT,World Nature,"Journey of Water, Inspired by Moana",0,True
2026-08-01,09:05,EPCOT,World Nature,Living with the Land,5,True
2026-08-01,09:05,EPCOT,World Nature,SeaBase Aquarium,0,True
2026-08-01,09:05,EPCOT,World Nature,Soarin' Across America,10,True
2026-08-01,09:05,EPCOT,World Nature,The Seas with Nemo & Friends,5,True
2026-08-01,09:05,EPCOT,World Nature,Turtle Talk With Crush,0,False
2026-08-01,09:05,EPCOT,World Showcase,Canada Far and Wide in Circle-Vision 360,0,True
2026-08-01,09:05,EPCOT,World Showcase,Frozen Ever After,25,True
2026-08-01,09:05,EPCOT,World Showcase,Gran Fiesta Tour Starring The Three Caballeros,5,True
2026-08-01,09:05,EPCOT,World Showcase,Meet Anna and Elsa at Royal Sommerhus,0,False
2026-08-01,09:05,EPCOT,World Showcase,Remy's Ratatouille Adventure,40,True
2026-08-01,09:05,EPCOT,World Showcase,Remy's Ratatouille Adventure Single Rider,0,True
2026-08-01,09:05,Hollywood Studios,Animation Courtyard,Disney Jr. Mickey Mouse Clubhouse Live!,0,True
2026-08-01,09:05,Hollywood Studios,Animation Courtyard,Meet Ariel at Walt Disney Presents,0,False
2026-08-01,09:05,Hollywood Studios,Animation Courtyard,The Little Mermaid – A Musical Adventure,0,True
2026-08-01,09:05,Hollywood Studios,Animation Courtyard,Walt Disney Presents,0,False
2026-08-01,09:05,Hollywood Studios,Commissary Lane,Meet Disney Stars at Red Carpet Dreams,0,False
2026-08-01,09:05,Hollywood Studios,Echo Lake,For the First Time in Forever: A Frozen Sing-Along Celebration,0,True
2026-08-01,09:05,Hollywood Studios,Echo Lake,Indiana Jones™ Epic Stunt Spectacular!,0,True
2026-08-01,09:05,Hollywood Studios,Echo Lake,Meet Olaf at Celebrity Spotlight,0,False
2026-08-01,09:05,Hollywood Studios,Echo Lake,Star Tours – The Adventures Continue,5,True
2026-08-01,09:05,Hollywood Studios,Echo Lake,Vacation Fun - An Original Animated Short with Mickey & Minnie,0,False
2026-08-01,09:05,Hollywood Studios,Hollywood Boulevard,Mickey & Minnie's Runaway Railway,35,True
2026-08-01,09:05,Hollywood Studios,Pixar Plaza,Meet Edna Mode at the Edna Mode Experience,0,False
2026-08-01,09:05,Hollywood Studios,Pixar Plaza,Toy Story Mania!,20,True
2026-08-01,09:05,Hollywood Studios,Star Wars: Galaxy's Edge,Millennium Falcon: Smugglers Run,20,True
2026-08-01,09:05,Hollywood Studios,Star Wars: Galaxy's Edge,Millennium Falcon: Smugglers Run Single Rider,0,True
2026-08-01,09:05,Hollywood Studios,Star Wars: Galaxy's Edge,Star Wars: Rise of the Resistance,0,False
2026-08-01,09:05,Hollywood Studios,Star Wars: Galaxy's Edge,Star Wars: Rise of the Resistance Single Rider,0,False
2026-08-01,09:05,Hollywood Studios,Sunset Boulevard,Beauty and the Beast – Live on Stage,0,True
2026-08-01,09:05,Hollywood Studios,Sunset Boulevard,Rock 'n' Roller Coaster Starring Aerosmith Single Rider,0,True
2026-08-01,09:05,Hollywood Studios,Sunset Boulevard,Rock ’n’ Roller Coaster Starring The Muppets,80,True
2026-08-01,09:05,Hollywood Studios,Sunset Boulevard,The Twilight Zone™ Tower of Terror,0,True
2026-08-01,09:05,Hollywood Studios,Toy Story Land,Alien Swirling Saucers,10,True
2026-08-01,09:05,Hollywood Studios,Toy Story Land,Slinky Dog Dash,65,True
2026-08-01,09:05,Animal Kingdom,Africa,Festival of the Lion King,0,True
2026-08-01,09:05,Animal Kingdom,Africa,Gorilla Falls Exploration Trail,5,True
2026-08-01,09:05,Animal Kingdom,Africa,Kilimanjaro Safaris,0,False
2026-08-01,09:05,Animal Kingdom,Africa,Wildlife Express Train,5,True
2026-08-01,09:05,Animal Kingdom,Asia,Expedition Everest - Legend of the Forbidden Mountain,20,True
2026-08-01,09:05,Animal Kingdom,Asia,Expedition Everest - Legend of the Forbidden Mountain Single Rider,0,True
2026-08-01,09:05,Animal Kingdom,Asia,Feathered Friends in Flight!,0,True
2026-08-01,09:05,Animal Kingdom,Asia,Kali River Rapids,0,False
2026-08-01,09:05,Animal Kingdom,Conservation Station,Animal Care at Conservation Station,0,True
2026-08-01,09:05,Animal Kingdom,Conservation Station,Bluey's Wild World at Conservation Station,10,True
2026-08-01,09:05,Animal Kingdom,Dinoland U.S.A,Finding Nemo: The Big Blue... and Beyond!,0,True
2026-08-01,09:05,Animal Kingdom,Discovery Island,Discovery Island Trails,0,True
2026-08-01,09:05,Animal Kingdom,Discovery Island,Meet Favorite Disney Pals at Adventurers Outpost,25,True
2026-08-01,09:05,Animal Kingdom,Discovery Island,Meet Moana at Character Landing,0,True
2026-08-01,09:05,Animal Kingdom,Discovery Island,Tree of Life,0,True
2026-08-01,09:05,Animal Kingdom,Discovery Island,Zootopia: Better Zoogether!,10,True
2026-08-01,09:05,Animal Kingdom,Pandora - The World of Avatar,Avatar Flight of Passage,60,True
2026-08-01,09:05,Animal Kingdom,Pandora - The World of Avatar,Na'vi River Journey,30,True
2026-08-01,09:05,Animal Kingdom,The Oasis,The Oasis Exhibits,0,True
2026-08-01,09:05,Animal Kingdom,The Oasis,Wilderness Explorers,0,True
2026-08-01,09:10,Magic Kingdom,Adventureland,A Pirate's Adventure ~ Treasures of the Seven Seas,0,False
2026-08-01,09:10,Magic Kingdom,Adventureland,Jungle Cruise,5,True
2026-08-01,09:10,Magic Kingdom,Adventureland,Pirates of the Caribbean,5,True
2026-08-01,09:10,Magic Kingdom,Adventureland,Swiss Family Treehouse,5,True
2026-08-01,09:10,Magic Kingdom,Adventureland,The Magic Carpets of Aladdin,5,True
2026-08-01,09:10,Magic Kingdom,Adventureland,Walt Disney's Enchanted Tiki Room,10,True
2026-08-01,09:10,Magic Kingdom,Fantasyland,it's a small world,5,True
2026-08-01,09:10,Magic Kingdom,Fantasyland,Casey Jr. Splash 'N' Soak Station,0,True
2026-08-01,09:10,Magic Kingdom,Fantasyland,Cinderella Castle,0,True
2026-08-01,09:10,Magic Kingdom,Fantasyland,Dumbo the Flying Elephant,5,True
2026-08-01,09:10,Magic Kingdom,Fantasyland,Enchanted Tales with Belle,0,False
2026-08-01,09:10,Magic Kingdom,Fantasyland,Mad Tea Party,5,True
2026-08-01,09:10,Magic Kingdom,Fantasyland,Meet Ariel at Her Grotto,0,False
2026-08-01,09:10,Magic Kingdom,Fantasyland,Meet Cinderella and a Visiting Princess at Princess Fairytale Hall,10,True
2026-08-01,09:10,Magic Kingdom,Fantasyland,Meet Daring Disney Pals as Circus Stars at Pete's Silly Sideshow,0,False
2026-08-01,09:10,Magic Kingdom,Fantasyland,Meet Dashing Disney Pals as Circus Stars at Pete's Silly Sideshow,0,False
2026-08-01,09:10,Magic Kingdom,Fantasyland,Meet Princess Tiana and a Visiting Princess at Princess Fairytale Hall,10,True
2026-08-01,09:10,Magic Kingdom,Fantasyland,Mickey's PhilharMagic,15,True
2026-08-01,09:10,Magic Kingdom,Fantasyland,Peter Pan's Flight,35,True
2026-08-01,09:10,Magic Kingdom,Fantasyland,Prince Charming Regal Carrousel,5,True
2026-08-01,09:10,Magic Kingdom,Fantasyland,Seven Dwarfs Mine Train,45,True
2026-08-01,09:10,Magic Kingdom,Fantasyland,The Barnstormer,5,True
2026-08-01,09:10,Magic Kingdom,Fantasyland,The Many Adventures of Winnie the Pooh,25,True
2026-08-01,09:10,Magic Kingdom,Fantasyland,Under the Sea - Journey of The Little Mermaid,5,True
2026-08-01,09:10,Magic Kingdom,Fantasyland,Walt Disney World Railroad - Fantasyland,0,True
2026-08-01,09:10,Magic Kingdom,Frontierland,Big Thunder Mountain Railroad,0,False
2026-08-01,09:10,Magic Kingdom,Frontierland,Country Bear Musical Jamboree,0,True
2026-08-01,09:10,Magic Kingdom,Frontierland,Tiana's Bayou Adventure,0,True
2026-08-01,09:10,Magic Kingdom,Liberty Square,Haunted Mansion,0,True
2026-08-01,09:10,Magic Kingdom,Liberty Square,The Hall of Presidents,0,False
2026-08-01,09:10,Magic Kingdom,"Main Street, U.S.A.",Main Street Vehicles,0,True
2026-08-01,09:10,Magic Kingdom,"Main Street, U.S.A.",Meet Mickey at Town Square Theater,10,True
2026-08-01,09:10,Magic Kingdom,"Main Street, U.S.A.","Walt Disney World Railroad - Main Street, U.S.A.",0,True
2026-08-01,09:10,Magic Kingdom,Tomorrowland,Astro Orbiter,10,True
2026-08-01,09:10,Magic Kingdom,Tomorrowland,Buzz Lightyear’s Space Ranger Spin,10,True
2026-08-01,09:10,Magic Kingdom,Tomorrowland,"Monsters, Inc. Laugh Floor",5,True
2026-08-01,09:10,Magic Kingdom,Tomorrowland,Space Mountain,20,True
2026-08-01,09:10,Magic Kingdom,Tomorrowland,Tomorrowland Speedway,10,True
2026-08-01,09:10,Magic Kingdom,Tomorrowland,Tomorrowland Transit Authority PeopleMover,5,True
2026-08-01,09:10,Magic Kingdom,Tomorrowland,TRON Lightcycle / Run,55,True
2026-08-01,09:10,Magic Kingdom,Tomorrowland,Walt Disney's Carousel of Progress,0,False
2026-08-01,09:10,EPCOT,World Celebration,Disney and Pixar Short Film Festival,0,True
2026-08-01,09:10,EPCOT,World Celebration,Journey Into Imagination With Figment,5,True
2026-08-01,09:10,EPCOT,World Celebration,Meet Beloved Disney Pals at Mickey & Friends,10,True
2026-08-01,09:10,EPCOT,World Celebration,Spaceship Earth,5,True
2026-08-01,09:10,EPCOT,World Discovery,Guardians of the Galaxy: Cosmic Rewind,90,True
2026-08-01,09:10,EPCOT,World Discovery,Mission: SPACE,15,True
2026-08-01,09:10,EPCOT,World Discovery,Test Track,65,True
2026-08-01,09:10,EPCOT,World Discovery,Test Track Presented by Chevrolet Single Rider,0,True
2026-08-01,09:10,EPCOT,World Nature,Awesome Planet,0,True
2026-08-01,09:10,EPCOT,World Nature,"Journey of Water, Inspired by Moana",0,True
2026-08-01,09:10,EPCOT,World Nature,Living with the Land,5,True
2026-08-01,09:10,EPCOT,World Nature,SeaBase Aquarium,0,True
2026-08-01,09:10,EPCOT,World Nature,Soarin' Across America,10,True
2026-08-01,09:10,EPCOT,World Nature,The Seas with Nemo & Friends,5,True
2026-08-01,09:10,EPCOT,World Nature,Turtle Talk With Crush,0,False
2026-08-01,09:10,EPCOT,World Showcase,Canada Far and Wide in Circle-Vision 360,15,True
2026-08-01,09:10,EPCOT,World Showcase,Frozen Ever After,25,True
2026-08-01,09:10,EPCOT,World Showcase,Gran Fiesta Tour Starring The Three Caballeros,5,True
2026-08-01,09:10,EPCOT,World Showcase,Meet Anna and Elsa at Royal Sommerhus,0,False
2026-08-01,09:10,EPCOT,World Showcase,Remy's Ratatouille Adventure,40,True
2026-08-01,09:10,EPCOT,World Showcase,Remy's Ratatouille Adventure Single Rider,0,True
2026-08-01,09:10,Hollywood Studios,Animation Courtyard,Disney Jr. Mickey Mouse Clubhouse Live!,0,True
2026-08-01,09:10,Hollywood Studios,Animation Courtyard,Meet Ariel at Walt Disney Presents,0,True
2026-08-01,09:10,Hollywood Studios,Animation Courtyard,The Little Mermaid – A Musical Adventure,0,True
2026-08-01,09:10,Hollywood Studios,Animation Courtyard,Walt Disney Presents,0,True
2026-08-01,09:10,Hollywood Studios,Commissary Lane,Meet Disney Stars at Red Carpet Dreams,5,True
2026-08-01,09:10,Hollywood Studios,Echo Lake,For the First Time in Forever: A Frozen Sing-Along Celebration,0,True
2026-08-01,09:10,Hollywood Studios,Echo Lake,Indiana Jones™ Epic Stunt Spectacular!,0,True
2026-08-01,09:10,Hollywood Studios,Echo Lake,Meet Olaf at Celebrity Spotlight,5,True
2026-08-01,09:10,Hollywood Studios,Echo Lake,Star Tours – The Adventures Continue,5,True
2026-08-01,09:10,Hollywood Studios,Echo Lake,Vacation Fun - An Original Animated Short with Mickey & Minnie,10,True
2026-08-01,09:10,Hollywood Studios,Hollywood Boulevard,Mickey & Minnie's Runaway Railway,35,True
2026-08-01,09:10,Hollywood Studios,Pixar Plaza,Meet Edna Mode at the Edna Mode Experience,15,True
2026-08-01,09:10,Hollywood Studios,Pixar Plaza,Toy Story Mania!,20,True
2026-08-01,09:10,Hollywood Studios,Star Wars: Galaxy's Edge,Millennium Falcon: Smugglers Run,25,True
2026-08-01,09:10,Hollywood Studios,Star Wars: Galaxy's Edge,Millennium Falcon: Smugglers Run Single Rider,0,True
2026-08-01,09:10,Hollywood Studios,Star Wars: Galaxy's Edge,Star Wars: Rise of the Resistance,0,False
2026-08-01,09:10,Hollywood Studios,Star Wars: Galaxy's Edge,Star Wars: Rise of the Resistance Single Rider,0,False
2026-08-01,09:10,Hollywood Studios,Sunset Boulevard,Beauty and the Beast – Live on Stage,0,True
2026-08-01,09:10,Hollywood Studios,Sunset Boulevard,Rock 'n' Roller Coaster Starring Aerosmith Single Rider,0,True
2026-08-01,09:10,Hollywood Studios,Sunset Boulevard,Rock ’n’ Roller Coaster Starring The Muppets,70,True
2026-08-01,09:10,Hollywood Studios,Sunset Boulevard,The Twilight Zone™ Tower of Terror,35,True
2026-08-01,09:10,Hollywood Studios,Toy Story Land,Alien Swirling Saucers,10,True
2026-08-01,09:10,Hollywood Studios,Toy Story Land,Slinky Dog Dash,65,True
2026-08-01,09:10,Animal Kingdom,Africa,Festival of the Lion King,0,True
2026-08-01,09:10,Animal Kingdom,Africa,Gorilla Falls Exploration Trail,5,True
2026-08-01,09:10,Animal Kingdom,Africa,Kilimanjaro Safaris,0,False
2026-08-01,09:10,Animal Kingdom,Africa,Wildlife Express Train,5,True
2026-08-01,09:10,Animal Kingdom,Asia,Expedition Everest - Legend of the Forbidden Mountain,20,True
2026-08-01,09:10,Animal Kingdom,Asia,Expedition Everest - Legend of the Forbidden Mountain Single Rider,0,True
2026-08-01,09:10,Animal Kingdom,Asia,Feathered Friends in Flight!,0,True
2026-08-01,09:10,Animal Kingdom,Asia,Kali River Rapids,5,True
2026-08-01,09:10,Animal Kingdom,Conservation Station,Animal Care at Conservation Station,0,True
2026-08-01,09:10,Animal Kingdom,Conservation Station,Bluey's Wild World at Conservation Station,10,True
2026-08-01,09:10,Animal Kingdom,Dinoland U.S.A,Finding Nemo: The Big Blue... and Beyond!,0,True
2026-08-01,09:10,Animal Kingdom,Discovery Island,Discovery Island Trails,0,True
2026-08-01,09:10,Animal Kingdom,Discovery Island,Meet Favorite Disney Pals at Adventurers Outpost,25,True
2026-08-01,09:10,Animal Kingdom,Discovery Island,Meet Moana at Character Landing,0,True
2026-08-01,09:10,Animal Kingdom,Discovery Island,Tree of Life,0,True
2026-08-01,09:10,Animal Kingdom,Discovery Island,Zootopia: Better Zoogether!,10,True
2026-08-01,09:10,Animal Kingdom,Pandora - The World of Avatar,Avatar Flight of Passage,60,True
2026-08-01,09:10,Animal Kingdom,Pandora - The World of Avatar,Na'vi River Journey,30,True
2026-08-01,09:10,Animal Kingdom,The Oasis,The Oasis Exhibits,0,True
2026-08-01,09:10,Animal Kingdom,The Oasis,Wilderness Explorers,0,True
2026-08-01,09:15,Magic Kingdom,Adventureland,A Pirate's Adventure ~ Treasures of the Seven Seas,0,False
2026-08-01,09:15,Magic Kingdom,Adventureland,Jungle Cruise,10,True
2026-08-01,09:15,Magic Kingdom,Adventureland,Pirates of the Caribbean,5,True
2026-08-01,09:15,Magic Kingdom,Adventureland,Swiss Family Treehouse,5,True
2026-08-01,09:15,Magic Kingdom,Adventureland,The Magic Carpets of Aladdin,5,True
2026-08-01,09:15,Magic Kingdom,Adventureland,Walt Disney's Enchanted Tiki Room,10,True
2026-08-01,09:15,Magic Kingdom,Fantasyland,it's a small world,5,True
2026-08-01,09:15,Magic Kingdom,Fantasyland,Casey Jr. Splash 'N' Soak Station,0,True
2026-08-01,09:15,Magic Kingdom,Fantasyland,Cinderella Castle,0,True
2026-08-01,09:15,Magic Kingdom,Fantasyland,Dumbo the Flying Elephant,5,True
2026-08-01,09:15,Magic Kingdom,Fantasyland,Enchanted Tales with Belle,0,False
2026-08-01,09:15,Magic Kingdom,Fantasyland,Mad Tea Party,5,True
2026-08-01,09:15,Magic Kingdom,Fantasyland,Meet Ariel at Her Grotto,0,False
2026-08-01,09:15,Magic Kingdom,Fantasyland,Meet Cinderella and a Visiting Princess at Princess Fairytale Hall,10,True
2026-08-01,09:15,Magic Kingdom,Fantasyland,Meet Daring Disney Pals as Circus Stars at Pete's Silly Sideshow,0,False
2026-08-01,09:15,Magic Kingdom,Fantasyland,Meet Dashing Disney Pals as Circus Stars at Pete's Silly Sideshow,0,False
2026-08-01,09:15,Magic Kingdom,Fantasyland,Meet Princess Tiana and a Visiting Princess at Princess Fairytale Hall,10,True
2026-08-01,09:15,Magic Kingdom,Fantasyland,Mickey's PhilharMagic,15,True
2026-08-01,09:15,Magic Kingdom,Fantasyland,Peter Pan's Flight,35,True
2026-08-01,09:15,Magic Kingdom,Fantasyland,Prince Charming Regal Carrousel,5,True
2026-08-01,09:15,Magic Kingdom,Fantasyland,Seven Dwarfs Mine Train,45,True
2026-08-01,09:15,Magic Kingdom,Fantasyland,The Barnstormer,5,True
2026-08-01,09:15,Magic Kingdom,Fantasyland,The Many Adventures of Winnie the Pooh,25,True
2026-08-01,09:15,Magic Kingdom,Fantasyland,Under the Sea - Journey of The Little Mermaid,5,True
2026-08-01,09:15,Magic Kingdom,Fantasyland,Walt Disney World Railroad - Fantasyland,20,True
2026-08-01,09:15,Magic Kingdom,Frontierland,Big Thunder Mountain Railroad,0,False
2026-08-01,09:15,Magic Kingdom,Frontierland,Country Bear Musical Jamboree,10,True
2026-08-01,09:15,Magic Kingdom,Frontierland,Tiana's Bayou Adventure,10,True
2026-08-01,09:15,Magic Kingdom,Liberty Square,Haunted Mansion,0,True
2026-08-01,09:15,Magic Kingdom,Liberty Square,The Hall of Presidents,0,False
2026-08-01,09:15,Magic Kingdom,"Main Street, U.S.A.",Main Street Vehicles,0,True
2026-08-01,09:15,Magic Kingdom,"Main Street, U.S.A.",Meet Mickey at Town Square Theater,10,True
2026-08-01,09:15,Magic Kingdom,"Main Street, U.S.A.","Walt Disney World Railroad - Main Street, U.S.A.",20,True
2026-08-01,09:15,Magic Kingdom,Tomorrowland,Astro Orbiter,10,True
2026-08-01,09:15,Magic Kingdom,Tomorrowland,Buzz Lightyear’s Space Ranger Spin,10,True
2026-08-01,09:15,Magic Kingdom,Tomorrowland,"Monsters, Inc. Laugh Floor",5,True
2026-08-01,09:15,Magic Kingdom,Tomorrowland,Space Mountain,20,True
2026-08-01,09:15,Magic Kingdom,Tomorrowland,Tomorrowland Speedway,15,True
2026-08-01,09:15,Magic Kingdom,Tomorrowland,Tomorrowland Transit Authority PeopleMover,5,True
2026-08-01,09:15,Magic Kingdom,Tomorrowland,TRON Lightcycle / Run,65,True
2026-08-01,09:15,Magic Kingdom,Tomorrowland,Walt Disney's Carousel of Progress,0,False
2026-08-01,09:15,EPCOT,World Celebration,Disney and Pixar Short Film Festival,0,True
2026-08-01,09:15,EPCOT,World Celebration,Journey Into Imagination With Figment,5,True
2026-08-01,09:15,EPCOT,World Celebration,Meet Beloved Disney Pals at Mickey & Friends,10,True
2026-08-01,09:15,EPCOT,World Celebration,Spaceship Earth,5,True
2026-08-01,09:15,EPCOT,World Discovery,Guardians of the Galaxy: Cosmic Rewind,105,True
2026-08-01,09:15,EPCOT,World Discovery,Mission: SPACE,15,True
2026-08-01,09:15,EPCOT,World Discovery,Test Track,65,True
2026-08-01,09:15,EPCOT,World Discovery,Test Track Presented by Chevrolet Single Rider,0,True
2026-08-01,09:15,EPCOT,World Nature,Awesome Planet,0,True
2026-08-01,09:15,EPCOT,World Nature,"Journey of Water, Inspired by Moana",0,True
2026-08-01,09:15,EPCOT,World Nature,Living with the Land,5,True
2026-08-01,09:15,EPCOT,World Nature,SeaBase Aquarium,0,True
2026-08-01,09:15,EPCOT,World Nature,Soarin' Across America,10,True
2026-08-01,09:15,EPCOT,World Nature,The Seas with Nemo & Friends,5,True
2026-08-01,09:15,EPCOT,World Nature,Turtle Talk With Crush,0,False
2026-08-01,09:15,EPCOT,World Showcase,Canada Far and Wide in Circle-Vision 360,15,True
2026-08-01,09:15,EPCOT,World Showcase,Frozen Ever After,25,True
2026-08-01,09:15,EPCOT,World Showcase,Gran Fiesta Tour Starring The Three Caballeros,5,True
2026-08-01,09:15,EPCOT,World Showcase,Meet Anna and Elsa at Royal Sommerhus,0,False
2026-08-01,09:15,EPCOT,World Showcase,Remy's Ratatouille Adventure,40,True
2026-08-01,09:15,EPCOT,World Showcase,Remy's Ratatouille Adventure Single Rider,0,True
2026-08-01,09:15,Hollywood Studios,Animation Courtyard,Disney Jr. Mickey Mouse Clubhouse Live!,0,True
2026-08-01,09:15,Hollywood Studios,Animation Courtyard,Meet Ariel at Walt Disney Presents,0,True
2026-08-01,09:15,Hollywood Studios,Animation Courtyard,The Little Mermaid – A Musical Adventure,0,True
2026-08-01,09:15,Hollywood Studios,Animation Courtyard,Walt Disney Presents,0,True
2026-08-01,09:15,Hollywood Studios,Commissary Lane,Meet Disney Stars at Red Carpet Dreams,5,True
2026-08-01,09:15,Hollywood Studios,Echo Lake,For the First Time in Forever: A Frozen Sing-Along Celebration,0,True
2026-08-01,09:15,Hollywood Studios,Echo Lake,Indiana Jones™ Epic Stunt Spectacular!,0,True
2026-08-01,09:15,Hollywood Studios,Echo Lake,Meet Olaf at Celebrity Spotlight,5,True
2026-08-01,09:15,Hollywood Studios,Echo Lake,Star Tours – The Adventures Continue,5,True
2026-08-01,09:15,Hollywood Studios,Echo Lake,Vacation Fun - An Original Animated Short with Mickey & Minnie,10,True
2026-08-01,09:15,Hollywood Studios,Hollywood Boulevard,Mickey & Minnie's Runaway Railway,35,True
2026-08-01,09:15,Hollywood Studios,Pixar Plaza,Meet Edna Mode at the Edna Mode Experience,15,True
2026-08-01,09:15,Hollywood Studios,Pixar Plaza,Toy Story Mania!,25,True
2026-08-01,09:15,Hollywood Studios,Star Wars: Galaxy's Edge,Millennium Falcon: Smugglers Run,25,True
2026-08-01,09:15,Hollywood Studios,Star Wars: Galaxy's Edge,Millennium Falcon: Smugglers Run Single Rider,0,True
2026-08-01,09:15,Hollywood Studios,Star Wars: Galaxy's Edge,Star Wars: Rise of the Resistance,0,False
2026-08-01,09:15,Hollywood Studios,Star Wars: Galaxy's Edge,Star Wars: Rise of the Resistance Single Rider,0,False
2026-08-01,09:15,Hollywood Studios,Sunset Boulevard,Beauty and the Beast – Live on Stage,0,True
2026-08-01,09:15,Hollywood Studios,Sunset Boulevard,Rock 'n' Roller Coaster Starring Aerosmith Single Rider,0,True
2026-08-01,09:15,Hollywood Studios,Sunset Boulevard,Rock ’n’ Roller Coaster Starring The Muppets,70,True
2026-08-01,09:15,Hollywood Studios,Sunset Boulevard,The Twilight Zone™ Tower of Terror,35,True
2026-08-01,09:15,Hollywood Studios,Toy Story Land,Alien Swirling Saucers,10,True
2026-08-01,09:15,Hollywood Studios,Toy Story Land,Slinky Dog Dash,65,True
2026-08-01,09:15,Animal Kingdom,Africa,Festival of the Lion King,0,True
2026-08-01,09:15,Animal Kingdom,Africa,Gorilla Falls Exploration Trail,5,True
2026-08-01,09:15,Animal Kingdom,Africa,Kilimanjaro Safaris,0,False
2026-08-01,09:15,Animal Kingdom,Africa,Wildlife Express Train,5,True
2026-08-01,09:15,Animal Kingdom,Asia,Expedition Everest - Legend of the Forbidden Mountain,20,True
2026-08-01,09:15,Animal Kingdom,Asia,Expedition Everest - Legend of the Forbidden Mountain Single Rider,0,True
2026-08-01,09:15,Animal Kingdom,Asia,Feathered Friends in Flight!,0,True
2026-08-01,09:15,Animal Kingdom,Asia,Kali River Rapids,5,True
2026-08-01,09:15,Animal Kingdom,Conservation Station,Animal Care at Conservation Station,0,True
2026-08-01,09:15,Animal Kingdom,Conservation Station,Bluey's Wild World at Conservation Station,15,True
2026-08-01,09:15,Animal Kingdom,Dinoland U.S.A,Finding Nemo: The Big Blue... and Beyond!,0,True
2026-08-01,09:15,Animal Kingdom,Discovery Island,Discovery Island Trails,0,True
2026-08-01,09:15,Animal Kingdom,Discovery Island,Meet Favorite Disney Pals at Adventurers Outpost,25,True
2026-08-01,09:15,Animal Kingdom,Discovery Island,Meet Moana at Character Landing,0,True
2026-08-01,09:15,Animal Kingdom,Discovery Island,Tree of Life,0,True
2026-08-01,09:15,Animal Kingdom,Discovery Island,Zootopia: Better Zoogether!,10,True
2026-08-01,09:15,Animal Kingdom,Pandora - The World of Avatar,Avatar Flight of Passage,60,True
2026-08-01,09:15,Animal Kingdom,Pandora - The World of Avatar,Na'vi River Journey,30,True
2026-08-01,09:15,Animal Kingdom,The Oasis,The Oasis Exhibits,0,True
2026-08-01,09:15,Animal Kingdom,The Oasis,Wilderness Explorers,0,True
